lake_id,subid,name,ebhex,area,depth,longitude,latitude,Mean,volume,Turnover,sedimentArea,Subcatchment_Area,Catchment_Area,C.L,SC.L
72891,25351,Tjusjön,0x31e76f,4250489,3.875,16.646932,64.141404,1.835082975,7800000,0.362,,20189092,164676365,38.74292228,4.749828079
4810,27220,Knäppingesjön,0xfd0838,568892,4,18.393153,64.555377,3.507729415,1995519.202,0.974509962,579473.143,11012284,11012284,19.35742461,19.35742461
101115,21742,Neder-Kriken,0x77414b,733503,4,14.049999,63.450385,3.69438359,2709841.446,0.0168,745632.1114,5562345,532966558,726.6044692,7.583261418
59185,14256,Gäddsjön,0x92b80c,174850,5,14.698636,61.432226,4.14,807581.9038,0.679,181952.9867,2331790,2331790,13.3359451,13.3359451
89534,24002,Väster-Lillsjön,0x7d156d,194986,5,14.767378,63.89521,2.819425996,549748.5972,0.114482834,201113.4062,766546,27824742,142.7012298,3.931287374
32276,3326,Ralången,0xfb9a8c,4935398,5,14.81677,57.912728,2.86,16579097.44,0.102,4966461.875,20074829,591303189,119.808613,4.067519783
100866,21772,Bodtjärnen,0xf92426,105321,6,17.8453,63.45875,3.89,462273.7759,0.0918,111052.2338,8723517,12907926,122.5579514,82.82789757
21613,11406,Kvarntjärnen,0xa5f736,199923,6,13.934804,60.558595,4,899454.4654,0.0343,207942.7966,4272269,56665144,283.4348424,21.36957229
13133,8798,Rövattnet,0x52440d,381229,6,12.010334,59.637069,3.232674145,1232389.132,0.809789824,391072.1672,8770948,8770948,23.00703252,23.00703252
2783,30072,Östra Lomtjärnen,0x910e7f,395370,6,16.350004,65.337851,3.256782512,1287634.102,0.261720738,405434.9398,19393060,26088684,65.98549207,49.05040848
58899,13974,Näcksjön,0x6afb88,565925,6,14.307872,61.370685,4.16,2636410.827,0.704,579715.8031,6017479,6017479,10.63299731,10.63299731
97841,22436,Nästsjön,0xd919f6,1172205,6,13.844036,63.612025,3.93,5191848.243,1.37,1191434.384,10759446,10759446,9.178809167,9.178809167
89370,24075,Lill-Foskvattnet,0xa59565,409296,7,14.47798,63.896075,5.74,2551084.455,0.0188,424166.766,13127042,181429279,443.2715663,32.072246
22540,12210,Grundmången,0x70ec18,613975,7,14.459508,60.796046,3.71,2584796.98,0.234,628210.2808,6786742,21072405,34.3212753,11.05377581
681,20530,Degresjön,0x9d9356,680770,7,16.49338,63.168743,3.66,2832022.419,0.911,695646.7726,7753531,7753531,11.3893547,11.3893547
92840,19348,Öster-Rörtjärnen,0x8f7b88,107223,7.4,15.962948,62.900452,2.48,321545.2583,1.13,111750.3051,662358,662358,6.177387314,6.177387314
101111,21752,Rödtjärnen,0x57d70b,80396,7.666667,17.852568,63.445364,3.1,289015.9899,0.46,84150.75377,1552167,1552167,19.30652022,19.30652022
58764,14417,Södra Gällsjön,0x29cb75,558448,8,14.520237,61.514214,4.15,2596826.322,1.06,573606.3423,4244350,4244350,7.600260006,7.600260006
38645,5699,Vångsjön,0x77702d,1041824,9.5,12.061575,58.931632,4.57,5275012.789,0.104,1057089.676,44747627,99806395,95.79966962,42.95123457
255,12959,Kölsjön,0x2211d4,2853090,9.625,16.047936,61.023172,4.05,12970494.64,0.54,2867140.572,16840526,53675398,18.81307565,5.902556877
14306,9171,Skårsjön,0x9b436c,384538,9.7,11.97594,59.714515,4.2,1804560.199,0.111,394030.1617,29440611,29440611,76.56099267,76.56099267
99517,21404,Norsjön,0x36471d,1231434,10,13.320436,63.356356,4.106235683,5056558.232,4.06,1255680.55,7467763,7467763,6.064281967,6.064281967
100895,21844,Stor-Skallsjön,0x456fa,1339507,10,15.763076,63.468423,5.37,7862839.627,2.04,1368958.319,8922486,8922486,6.661022301,6.661022301
100379,22112,Getsjön,0x55d754,3259241,10,13.636612,63.534282,5.008131928,16322708.91,0.299,3303371.152,18554005,291180688,89.34002978,5.692737972
73145,25463,Sallsjön,0xc43d38,4613491,10.875,16.577426,64.160896,5.81,29002477.99,0.358,4560635.867,13802171,183235177,39.71725034,2.991697827
18012,10113,Lillsjön,0x4baabf,200014,11,15.99621,60.163107,3.59,821432.7789,0.0882,209418.2344,1546855,24878373,124.3831582,7.733733639
40063,8251,Bjursjön,0x463dcf,347178,11,12.437573,59.472851,3.171557928,1101095.138,0.299373012,358775.2165,20209093,20209093,58.20960141,58.20960141
90079,24964,Gårdsvattnet,0xedcc7f,2487259,11,15.542382,64.040968,4.02,11264497.11,0.744,2522532.146,11973034,32258108,12.96934015,4.813746377
97697,22983,Yttre Oldsjön,0x1750,3458805,11,13.659573,63.691505,5.81,21825049.82,0.0251,3510058.071,29874618,775875626,224.3189847,8.637265761
22498,12603,Acktjärnen,0xc1f1ba,293674,11.033333,12.91639,60.781388,4.43,1449091.309,0.679,306471.9896,5228757,5228757,17.8046303,17.8046303
91249,18618,Örevattnet,0xbfb26,1150754,12,14.750981,62.693089,5.35,6733494.933,2.68,1179842.407,7355064,7355064,6.391517214,6.391517214
90167,24537,Stor-Vallsjön,0xd54e67,989424,12.5,16.130848,63.992674,4.83,5276459.134,0.95,1012852.311,13458498,13458498,13.60235652,13.60235652
40234,8050,Glatjärnen,0x77dad8,109143,13,12.490253,59.446979,2.504673731,273367.605,0.105652519,115289.9185,16785827,16785827,153.7966429,153.7966429
58978,13841,Kölsjön,0x921108,287065,13,14.929213,61.328637,3.050899979,875806.6026,0.570288132,298085.5221,9159910,9159910,31.90883598,31.90883598
18134,10234,Hyttsjön,0x6346fe,507534,13,14.608784,60.165552,3.427006189,1739322.159,0.252495875,523107.3013,34629863,34629863,68.23161207,68.23161207
17618,10056,Holmsjön,0xa53e6d,719026,13,14.515891,60.136583,3.65,3004177.471,1.81,738194.6499,2804066,2804066,3.89981169,3.89981169
88755,24402,Öjarssjön,0x7633d1,5232871,13,15.078591,63.931288,4.14,24365467.06,0.234,5288230.374,38788793,170392407,32.56193531,7.412526126
33028,3547,Örlången,0xc912bd,831333,14,15.481793,58.007389,4.17,3899542.551,0.164,854120.0706,6158150,110809400,133.2912323,7.40756111
903,25653,Lavsjön,0xaec42b,3564579,14.375,16.66573,64.164708,5.54,21542203.88,1.12,3616774.482,44170131,44170131,12.3914019,12.3914019
30632,3077,Stora Svansjö,0x4679d1,838998,14.666667,12.360996,57.525851,7.49,6698132.722,2.77,865573.3742,4749161,4749161,5.660515281,5.660515281
37627,6148,Krokvattnet,0xbbafc5,320207,15,12.366452,58.995902,3.67,1348319.067,1.76,333767.8435,1263557,1263557,3.946063015,3.946063015
65778,17156,Vitvattssjön,0x3af31a,659839,15,14.642163,62.360305,3.68,2784800.642,1.16,679333.7546,4550172,4550172,6.895882177,6.895882177
72112,25145,Stor-Allvattnet,0x50d8f0,1443110,15,15.568697,64.075281,3.96,6481845.973,0.729,1473092.441,18608714,18608714,12.89486872,12.89486872
101207,22032,Häggsjön,0x7a03fa,1150710,16,13.287221,63.495893,11.1,13348149.1,0.505,1200445.75,5436584,38834044,33.74789825,4.724547453
775,22746,Rännögssjön,0x7c94cc,3066542,16,13.816592,63.649787,5.24,17637198.9,0.0172,3118788.406,30692620,1036042233,337.8535931,10.00886993
100025,20983,Ockesjön,0xbfe077,7999116,16,13.861174,63.278239,5,44112548.43,0.00633,8081323.095,41811935,8405052459,1050.747665,5.227069466
58646,14521,Paljackasjön,0x70a3e3,260770,16.066667,14.566859,61.546595,6.92,1935240.02,3.57,278635.8979,1023839,1023839,3.926214672,3.926214672
98370,23494,Laxsjön,0x752bd5,2997980,16.3,14.852503,63.810838,3.95,13459313.52,0.602,3041999.223,24009110,47372399,15.8014393,8.008429009
89270,23316,Stor-Kungsvattnet,0x7c79ec,465363,17,14.567215,63.858197,3.366894727,1566828.231,1.243442643,481780.2236,7176432,7176432,15.42114865,15.42114865
310,13834,Bösjön,0xfaed2d,1178685,17,14.273501,61.327758,4.28,5674141.029,0.959,1208355.304,9394677,9394677,7.970473027,7.970473027
578,18211,Lännässjön,0x61353a,19311490,17,14.132533,62.631524,8.15,167049545.8,0.118,19484381.69,113308348,2600308791,134.6508628,5.867405778
684,20690,Håckrenmagasinet,0x202518,43363864,17.133333,13.622067,63.187622,16.3,724643947,0.897,41900982.1,173925227,1166486981,26.89997785,4.010833237
40022,8178,Frosstjärnet,0xa633ae,378399,18,12.673134,59.468565,3.227764167,1221382.733,0.157780287,393219.4426,6432473,40033368,105.7967067,16.99918076
97341,22646,Ångsjön,0x61fcd6,1056454,18,13.708965,63.652566,4.45,5266062.391,0.194,1085793.238,11413980,60657079,57.4157313,10.80404826
15994,9467,Ängsjön,0x775704,1590059,18,12.826149,59.862595,5.54,9626548.956,2.05,1630663.125,9064399,9064399,5.70066834,5.70066834
99635,41563,Fullsjön,0xe0ca4a,1796045,18,15.945033,63.436335,5.46,10731824.03,0.571,1838850.126,17574985,47101645,26.22520315,9.785381213
71804,25030,Ursvattnet,0x4bb0f7,1808343,18,15.695405,64.057761,3.96,8154675.713,0.961,1844399.485,15261175,15261175,8.439314334,8.439314334
14939,11507,Västra Skälsjön,0xd2d6cd,391746,18.9,15.552944,59.934751,3.33,1532174.747,2.88,407071.1516,1713800,1713800,4.37477345,4.37477345
713,21493,Åresjön,0x9344da,6418871,18.9,13.187659,63.339258,10.6,71183591.83,0.0283,6472399.22,50564820,2611605084,406.8636189,7.877525503
39745,7799,Hasselbacketjärnet,0x4c8bb0,124299,19,12.421271,59.416998,3.62,520672.572,1.27,133512.3198,982268,982268,7.902461001,7.902461001
15164,11507,Östra Skälsjön,0x88b42d,308675,19,15.566227,59.928134,3.33,1207671.985,2.88,322577.6217,1713800,1713800,5.552117923,5.552117923
68994,26641,Rödingträsket,0xc1e887,448198,19,18.496215,64.449411,3.67,1898893.716,2.19,465819.1892,3193134,3193134,7.124382527,7.124382527
99882,21127,Liten,0x50e196,16245488,19.9,13.686821,63.296572,5.83,103076742.4,0.0173,16358946.98,85768894,6129783128,377.3221911,5.279551713
21408,10912,Almasjön,0xa17ce7,252413,20,13.859681,60.564614,2.971876724,750140.3196,0.89891447,264525.0397,5268317,5268317,20.87181326,20.87181326
11996,29967,Rödingträsket,0xf38b0f,527229,20,16.479772,65.291047,4.43,2623180.424,0.138,548786.8391,8843830,36135336,68.53821774,16.77417213
97365,22744,Västsjön,0x14c30f,807615,20,13.637813,63.650792,4.38,3979042.836,0.22,834134.2171,8348322,38399187,47.54640144,10.33700711
97374,22667,Rörtjärnen,0xe08df8,877572,20,13.548619,63.647445,3.832036902,3362888.288,0.528717057,903321.1121,30050865,30050865,34.2431903,34.2431903
69713,41683,Yttre Långvattnet,0xb320d,1234385,20,15.050657,64.445163,11.7,15059472.33,0.0731,1291966.283,10502702,258978157,209.8033895,8.508449147
24726,13493,Rämmasjön,0x3cb7a1,1317545,20,13.92387,61.215017,3.88,5855442.999,0.947,1349302.608,11504734,11504734,8.731947675,8.731947675
89671,24932,Stor-Hasslingen,0xb1167d,1353707,20,14.27776,64.02393,11.5,16244456.35,0.108,1413379.004,14496070,199947680,147.7038089,10.70842509
89077,23814,Ålåssjön,0x55bb2c,1545237,20,14.661356,63.868573,11,17770199.99,2,1607298.418,19551036,19551036,12.65245137,12.65245137
89660,24927,Västervattnet,0x17f446,1841084,20,15.621483,64.02593,4.02,8430154.466,0.49,1879334.409,16263530,33686807,18.29726781,8.833670816
89741,24598,Järilvattnet,0x58bad0,2480674,20,15.624595,64.019117,4.12,11598012.25,0.335,2525656.947,35250523,69644163,28.07469381,14.21005864
78866,26285,Gärdvattnet,0x8e06d,2714355,20,15.154971,64.355331,11.8,33386513.16,0.126,2800184.655,29053498,362290648,133.4720948,10.70364709
57310,18463,Råssjön,0xec46dd,4845178,20,14.769708,62.665861,5.47,29032583.69,1.28,4918499.197,13863780,63205766,13.04508648,2.861356177
89452,24312,Kärrnässjön,0x6d86e7,6046725,20,15.311958,63.911908,4.51,30554695.3,0.191,6120438.728,42311346,328601710,54.34374972,6.997398757
30704,2628,Solgen,0x980c7,21615184,20,15.114687,57.544312,7.16,165685978.5,0.933,21795437.26,86849605,621500168,28.75294367,4.017990548
91946,18935,Revsundssjön,0x2108b1,73472918,20,15.353408,62.81404,15.7,1190249026,2.41,74005615.49,304363957,1666156551,22.67715229,4.142532586
38336,5726,Hosjö,0xff2fc2,331363,21,11.512313,58.883437,7.57,2675672.443,0.383,354839.2064,4073833,4073833,12.29416984,12.29416984
18270,10864,Hällsjön,0xdc127d,412832,21.066667,12.599431,60.362624,6.15,2751898.522,4.25,436140.4589,1114352,1114352,2.699286877,2.699286877
21727,11693,Spjutsjön,0x5b875b,404284,21.1,15.445283,60.638794,5.94,2611140.554,1.91,426915.1637,3919355,3919355,9.694558776,9.694558776
18169,10808,Nyckelvattnet,0xe6909b,1998975,22.25,12.535434,60.344357,6.37,13765966.3,1.27,2052220.586,18734166,18734166,9.371886092,9.371886092
94711,19474,Stor-Gussjön,0x503c4d,5708724,22.525,16.849247,62.929613,7.96,48321145.97,2.51,5808015.396,49005238,49005238,8.584271722,8.584271722
279,13169,Häsbosjön,0xff16f3,2465168,22.9,15.976428,61.105036,7.88,20668729.8,4.77,2528581.704,9872508,9872508,4.004801295,4.004801295
78434,25836,Kvisselnvattnet,0x2c6d2e,1705385,23,14.906189,64.239908,11.6,20635239.99,0.123,1776222.106,8239369,270428757,158.5734347,4.831383529
750,22101,Sörviksjön,0xfaa2dd,5749847,23,15.849646,63.552032,5.6,35250600.77,1.22,5835352.412,15441070,67410433,11.72386552,2.685474935
39832,7799,Älmheds-Långtjärnen,0x5cadd1,155589,24,12.41121,59.418893,3.62,656308.069,1.27,166926.0977,982268,982268,6.313222657,6.313222657
64387,21530,Rörsjön,0x6d4b42,442989,24,16.490081,63.146688,3.66,1885502.264,0.961,462227.8894,1201191,3734752,8.430800765,2.711559429
4949,27417,Bomsjön,0xdcc5b5,4225228,24,17.105177,64.600874,5.44,25257147.59,4.55,4298605.847,12867615,12867615,3.045425004,3.045425004
37867,6169,Stora Tresticklan,0x4ff3eb,1289857,25,11.787706,59.027926,5.41,7677539.053,1.64,1330945.88,7632049,8367330,6.48702143,5.916972967
152,10703,Långsjön,0x2cec73,1649910,25,14.460804,60.335045,6.91,12254958.45,1.05,1703124.035,17804802,26702697,16.18433551,10.79137771
89388,24033,Tjärnafjällsjön,0xd3544f,1838285,25,14.63019,63.898737,11,21141298.33,3.81,1911771.654,8281204,10001546,5.440693908,4.504853165
99516,21309,Bärmsjön,0xe88a92,4834100,25,17.59311,63.367359,5.6,29672125.85,3.57,4915158.86,14853172,21324793,4.41132641,3.072582694
95846,28797,Skarvsjön,0x3cd03f,8662117,25,17.119822,64.973217,4.26,41892314.47,1.24,8755781.019,27740993,61643189,7.116411496,3.202565031
63824,20724,Sällsjön,0x1d0b0d,4671460,25.3,13.693929,63.237623,7.74,38542489.68,0.251,4766792.799,20749899,1296759636,277.5919383,4.44184452
39747,8164,Östra Rödvattnet,0x920406,196432,25.833333,12.602053,59.421385,3.62,830456.8389,1.61,209504.8445,1433574,1433574,7.298067525,7.298067525
93341,19389,Vällingsjön,0x6a0b93,3366606,25.85,17.170878,62.910629,10,35351352.96,7.4,3456303.718,10117526,10117526,3.005259897,3.005259897
100687,22325,Görviksjön,0xee9586,9380629,26,15.703844,63.59892,5.73,58807520.27,1.08,9496792.371,32445439,131010914,13.96611187,3.458770089
100104,21157,Degersjön,0xb4c70d,6064989,26.5,17.96207,63.320529,13.3,83690289.41,2.31,6210752.134,26040996,106851045,17.61768158,4.29365923
13301,8922,Körttjärnet,0x47a669,164759,27,12.350383,59.622675,2.724188944,448834.6463,1.477386462,175369.3163,2163346,2163346,13.13036617,13.13036617
17936,10219,Stora Låsen,0xb0838f,1802498,27,14.531433,60.181437,9,17134857.53,3.97,1869128.084,9511506,9511506,5.276846909,5.276846909
89512,23916,Hökvattnet,0x776d2a,3477935,27,14.838645,63.883414,8.34,30778467.41,0.599,3566527.087,31382605,98491029,28.31882396,9.023344312
98209,22700,Lill-Mårdsjön,0x3b38d1,933973,27.9,16.197142,63.647855,7.18,7192707.503,3.86,976067.5868,4958234,4958234,5.308755178,5.308755178
63453,19912,Övsjön,0xf771c9,3041937,27.933333,15.988732,63.030152,8.34,26922116.01,0.761,3123081.433,20502613,103391720,33.98877755,6.739986068
22850,12306,Rädsjön,0x3b3b3c,580972,28,14.31845,60.81978,3.63,2468060.71,1.08,604359.4844,1921535,1921535,3.307448552,3.307448552
78606,25807,Sängsjön,0x7cd889,11164291,28,17.193382,64.23215,11.2,130637909.2,5.39,11355322.57,54863415,54863415,4.914187117,4.914187117
21708,11773,Hinsen,0xd87f91,11910082,28,16.136433,60.639502,12.5,154835660.8,5.04,12120670.62,37338631,103871954,8.721346671,3.13504399
4495,27808,Stor-Dabbsjön,0xd09053,18365600,28,15.342289,64.651065,22.8,427916533.8,0.387,18744373.99,67238872,1204335226,65.57559927,3.661131245
18088,41185,Knon,0x3a4229,12193435,28.4,13.774105,60.160586,12,152422575.9,1.57,12397860,1918396,213805729,17.53449532,0.157330235
777,22653,Äxingen,0xd85e05,4984813,28.5,16.082975,63.67575,9.72,50968262.58,3.39,5101383.087,29706306,42117169,8.449097087,5.959362167
31895,40488,Viaredssjön,0xca9cd5,3858150,28.634,12.737569,57.69532,12.4,49768646.35,1.08,3974510.589,31208924,68659373,17.79593147,8.089090367
22457,12270,Brossen,0x89e0a9,1953503,29,15.206004,60.799213,11,22469583.06,4.04,2033634.291,14843183,14843183,7.598239163,7.598239163
21425,11526,Gimmen,0x36c71f,4197301,29,15.261519,60.579834,5.41,25047882.78,2.47,4276028.166,26974201,26974201,6.426558639,6.426558639
580,18445,Torringen,0xe8e210,6769188,29,15.880101,62.646614,6.11,45026540.76,4,6876014.591,21596058,29040561,4.290109981,3.190346907
31927,40502,Stora Dalsjön,0xe7d1b9,605651,29.2,13.114247,57.71773,3.552821411,2151769.841,3.065162188,629677.8039,4025578,4025578,6.646695869,6.646695869
34200,3321,Stora Holmevatten,0x584376,339316,30,11.923302,57.986239,5.26,1976676.191,2.15,361672.5782,646491,646491,1.905277087,1.905277087
90404,24622,Bergsjön,0xb419c6,1475633,30,14.036508,63.972827,11,16973917.1,5.93,1546188.259,8563630,8563630,5.803360321,5.803360321
997,27411,Björkvattnet,0x8c475d,2142721,30,13.781967,64.59926,11.1,24861148.29,1.36,2228193.178,7806834,32702238,15.26201405,3.643420679
21405,11461,Ryggen,0x2fceb6,2376858,30,15.998829,60.57928,5.38,14123705.87,2.27,2436751.349,16691673,16691673,7.022578968,7.022578968
845,24558,Renåsjön,0x8e55f2,3572876,30,15.263056,63.975425,4.37,17739054.47,0.165,3638614.612,30479481,213550863,59.77001805,8.530797318
79026,41675,Grundvattnet,0x48416f,3801167,30,15.141527,64.3977,11.8,46760128.93,0.21,3919175.668,17854899,291961501,76.80838569,4.697215092
89041,24517,Stor-Brinnsjön,0xbe4120,4301391,30,14.348454,63.947226,11.1,49907346.55,2.97,4422491.634,25660402,41449079,9.636203498,5.965605545
71714,24903,Stor-Skirsjön,0x296d25,8824227,30,16.08438,64.06588,5.67,54928871.59,1.31,8942952.957,29624105,103351963,11.7122965,3.357133152
90158,24657,Lill-Kingen,0xda18eb,1670212,31,13.966653,63.982277,9.58,16849890.23,0.621,1740377.496,7575978,63819705,38.21054154,4.535937953
71083,25274,Gunnarvattnet,0xb1af35,3394162,31,14.134119,64.092604,9.94,35458294.26,0.237,3496335.276,21472764,204154627,60.14875748,6.326381593
63601,20757,Ottsjön,0xce89e8,15475093,31,13.136609,63.191626,11.3,182649924.4,0.291,15710151.4,75510638,730102914,47.17922626,4.879494941
100187,21486,Näldsjön,0x76c9b3,41803696,31,14.241947,63.346012,10.6,464210660.2,1.67,42175880.81,148530742,749156988,17.9208314,3.553052869
1297,41864,Uddjaure,0x4b2c86,249154051,31,18.042885,65.846449,9.28,2439233837,0.679,249995520.8,502998644,5719687610,22.95643032,2.018825871
93479,19105,Bodsjön,0xd68197,16951221,31.5,14.983079,62.866196,8.77,157375286.4,0.632,17162092.33,62464794,811785179,47.88948118,3.684973136
727,21531,Gevsjön,0x6a6f60,11236981,31.6,12.634257,63.396441,10.3,121423982.3,0.0716,11424158.38,25760772,1691044196,150.4891924,2.292499382
33957,3558,Rödingehultesjön,0xfd0d74,402478,32,15.533511,58.012718,3.57,1694127.251,4.94,422891.936,1544311,1544311,3.83700724,3.83700724
839,24385,Lakavattnet,0xb55eee,4062412,32,14.839832,63.937698,9.96,42524947.42,0.35,4175720.1,21251819,143852171,35.41053222,5.231330303
1151,30353,Storjuktan,0x8ccb60,55249616,32.4,17.331339,65.320986,15.1,861880663.5,0.789,55764748.28,206961557,1699716596,30.7643151,3.745936569
101222,21963,Lundsjön,0xce3e31,629853,33,14.531833,63.507169,3.581333765,2255713.816,0.588664332,655766.8168,19512003,19512003,30.97866169,30.97866169
77781,26013,Gräsvattnet,0x6b0a7e,2284522,33,14.816012,64.259689,11.4,27194854.87,0.299,2377522.312,23924847,140694662,61.58603944,10.47258332
16730,9636,Mången,0x653333,4247951,33,12.699345,59.942929,8.96,40250614.12,3.13,4358342.943,27112179,27112179,6.382413309,6.382413309
92000,19178,Idsjön,0x5c09be,9185507,33,15.71206,62.817967,5.9,59334852.19,0.0822,9314223.883,36945683,2163922767,235.5801119,4.02217134
100287,21338,Alsensjön,0xc4428b,22145506,33,14.149319,63.324148,10.8,250370094,0.673,22426094.38,75605172,1036383914,46.79883648,3.414018718
88925,24378,Rörvattnet,0x14c9d1,5367191,33.9,14.07475,63.962072,12.3,68709735.89,0.116,5512898.369,32622429,653363575,121.732872,6.078119635
19167,10702,Upprämmen,0xc0fbee,4032446,34.5,13.898061,60.337137,13.4,56055573.95,7.58,4169321.361,13443805,13443805,3.333908253,3.333908253
31231,3085,Västra Nedsjön,0xb71506,2670585,34.556667,12.438374,57.706215,13.5,37390811.2,1.21,2782507.991,17215295,57893471,21.67819822,6.446263646
13162,8957,Norra Örsjön,0x8b8bc8,507292,34.833333,12.377575,59.642975,8.65,4652367.318,3.16,545311.2863,3187920,3187920,6.284191353,6.284191353
13008,8868,Gränsjön,0x2743db,2001649,35,12.334536,59.58551,5.43,12027554.69,1.29,2060526.796,15557371,18620432,9.302546051,7.772277257
94110,19764,Sundsjön,0x1c05e,8578779,35,15.175689,62.962921,10.7,96151471.18,5.59,8756532.024,38849218,58949762,6.87157951,4.52852533
6950,31358,Storvindeln,0xaeb6a7,52161748,35.9,17.450652,65.636858,15.3,824120585.8,0.399,52644934.97,218910093,2901625930,55.62746728,4.196755312
33495,3762,Drögen,0x3a255,8857798,36,15.545606,58.140684,4.01,41137106.29,3.26,8964660.974,57468957,57468957,6.48795073,6.48795073
17173,10705,Norra Gussjön,0xf043d1,190042,36.5,15.154883,60.231023,2.804692911,533009.4502,1.687691825,203174.8372,2203989,2203989,11.59737847,11.59737847
58785,14414,Hälsen,0xae5bc6,1220149,36.6,16.638234,61.52052,8.84,11423896.55,5.98,1281150.025,3761311,4340608,3.557440935,3.082665314
13085,8937,Södra Örsjön,0xda4376,934485,36.833333,12.408543,59.631564,8.89,8795884.562,1.82,988064.3457,6488262,10526753,11.26476401,6.943141944
32570,3514,Ören,0x16d1be,9007164,37.12,14.559431,57.948266,14.7,136918437.3,5.59,9231414.768,46924590,83417099,9.261194645,5.209696415
91582,18619,Hemsjön,0x8a64d2,6884458,37.5,15.638455,62.724949,5.49,41826508.65,3.13,6997219.433,35192362,35192362,5.111856591,5.111856591
58305,14370,Storsjön,0x73414,2042245,38.166667,16.697791,61.474196,13.3,28189428.08,2.17,2144007.697,18179142,32667358,15.99580755,8.901548051
89069,23886,Tuvattnet,0x4a3278,1753786,40,14.729266,63.869543,11,20190257.57,1.26,1839882.558,14313163,33968810,19.36884546,8.161293909
712,21419,Helgesjön,0x902886,6221586,40,13.312462,63.33997,11.7,75960000.04,2.06,6389603.323,40639281,68948357,11.08211909,6.531980913
98201,22685,Gysen,0x860ab,11895636,40,14.393423,63.641447,12.2,151160710.9,3.74,12133650.19,86076022,86076022,7.23593274,7.23593274
788,23169,Åkersjön,0x626810,11962706,40,14.140943,63.696441,12.4,154397752,1.56,12203651.03,61699590,131875186,11.02385915,5.157661653
760,22494,Stor-Finnsjön,0x95b6b7,16976552,40,16.122527,63.599057,11.2,198818499.9,0.0395,17247204.29,51686248,6779749502,399.3596286,3.044566883
30719,2665,Mycklaflon,0x6105c8,11271107,40.25,15.289016,57.557268,13.1,153341233.5,6.76,11512712.19,33479001,85777593,7.610396477,2.970338317
36959,5558,Långvattnet,0x7ed153,1355488,41.5,11.481647,58.841242,13.7,19253550.16,6.85,1442465.926,4705574,4705574,3.471498088,3.471498088
100915,21845,Hällsjön,0xa2577e,5498567,41.5,13.996806,63.457709,13,74262882.47,0.363,5668159.684,24622132,513166631,93.32733983,4.477917974
14984,9527,Trehörningen,0x6c9ee0,4063605,41.666667,12.678161,59.897965,10.9,46385654.23,3.65,4195443.326,26392471,26392471,6.494841649,6.494841649
4062,30512,Umnässjön,0x71c36f,12773026,43.8,16.171494,65.423503,17,223535755.7,0.0516,13077000.14,84120499,4616832206,361.4517191,6.585792513
16825,9824,Norra Hörken,0xbc3bb8,12528542,44,14.922494,60.033913,17.4,224272120.2,5.48,12840861.73,73283076,92546294,7.386836713,5.849290045
93333,19102,Näkten,0xf5f168,83085649,44,14.569372,62.911806,16.9,1445789735,9.46,83876101.77,181932690,491258630,5.91267729,2.189700534
22573,12095,Rällsjön,0x14d38b,2977484,44.933333,15.286804,60.765895,14.8,45566255.03,4.86,3115618.829,13244328,24104060,8.095445685,4.448160931
40028,8164,Rödvattnet,0x137c9f,262590,45,12.540673,59.458312,3.62,1129916.835,1.61,281802.9849,1433574,1433574,5.459362504,5.459362504
100686,22517,Nässjön,0xa4aef3,10468548,45,16.377743,63.595667,11.2,122665646.1,5.37,10691368.31,47782842,64737111,6.183962762,4.564419249
99045,23177,Betarsjön,0x4dfb80,34085962,45.08,16.769348,63.737031,10.6,379099564.7,2.13,34475866.9,123912537,478155577,14.02793258,3.635295287
14305,9381,Långban,0x508ae4,7262840,46,14.321514,59.804546,14.5,108980616.9,2.25,7480124.641,43963096,102698454,14.14026111,6.053154964
100968,21842,Tännsjön,0x844d58,2331076,47,12.737505,63.445837,11.7,28478725.35,0.0131,2440783.036,26926378,2169904094,930.8594374,11.5510511
817,41630,Ströms Vattudal,0x265882,145714447,47.663333,15.610375,63.830269,20.7,3089129388,0.632,146875669.3,457942512,6422279765,44.07442019,3.142739251
69525,26553,Storvattnet,0x74b16b,2689559,48,14.392349,64.42308,11.1,31258869.25,2.31,2804907.128,12101954,22280696,8.284144724,4.499605326
21642,11596,Logärden,0x8007fa,6773324,48,16.038948,60.628398,10.5,74690372.03,10.7,6950715.659,18846158,22726925,3.355357724,2.782409051
68781,4694,Skiren,0xa52e8b,174525,49,16.231082,58.674072,24.1,4293319.461,38,221258.7081,629616,629616,3.607597765,3.607597765
77624,25810,Stor-Ringsjön,0x4f7cb0,8359981,51,14.997411,64.264572,11.8,103006463.8,0.473,8575788.767,33886690,370879961,44.36373253,4.053441031
901,26058,Tåsjön,0xcfc39d,45036405,52.2625,16.00722,64.160733,16.6,770320519.4,0.364,45651172.38,256636053,2921543932,64.87071808,5.698413384
33590,40544,Sommen,0x7475a3,130301503,53,15.040549,58.146912,13.8,1864979833,4.42,131247867.6,92683447,808928832,6.208131245,0.711299907
33494,3510,Åsunden,0x5174f5,52580706,53.533333,15.694839,58.140902,14.3,778784784.8,2.26,53193459.54,259798251,1925154003,36.61331598,4.940942615
17689,10240,Väsman,0x2a0665,39104562,54.5,15.1843,60.154782,18.5,743087941.6,1.91,39722744.53,136580330,1148871803,29.37948271,3.492695558
38012,6199,Boksjön,0x278db,8252152,55,11.694283,58.997129,14.4,123057241.2,3.48,8499888.239,38338188,53467973,6.479276315,4.64584123
635,19531,Locknesjön,0xe0f0b,26580055,57.4,14.939457,62.919768,17.6,481232479.3,12.5,27087036.37,91580196,134074496,5.044176771,3.44544795
38225,5731,Lilla Le,0x87fdad,740358,59.125,11.92979,58.911748,3.701400862,2740361.74,5.50214375,777109.1709,2851242,2851242,3.851166598,3.851166598
78956,26519,Hetögeln,0xbaa340,22967474,59.45,14.430824,64.388366,23,539751501.1,0.153,23526424.79,104186202,3584706602,156.0775296,4.536249916
70731,41689,Stor-Jougdan,0xd03e5a,4550867,60,14.838099,64.512452,11.6,55225342.03,0.377,4719474.469,45688079,162605543,35.73067352,10.03942304
57102,17592,Horten,0xea5411,6133501,60,14.770112,62.408247,5.49,37642412.73,2.93,6263951.248,38710359,38710359,6.311299044,6.311299044
100835,22306,Gärdessjön,0xe508f2,8333487,60,13.750221,63.559649,4.26,41270173.4,0.243,8466802.338,47841614,358280745,42.99289661,5.740887818
89596,23956,Häggsjön,0xaafe42,15644531,61,14.341534,63.888299,22.6,361406606.9,2.22,16107296.2,54104425,336558981,21.51288402,3.458360305
14559,9071,Yngen,0x1905c6,27039778,64.333333,14.315987,59.688764,13.5,379260800.1,6.85,27500255.71,84511648,122683010,4.537130815,3.125456429
16618,9740,Kymmen,0x461b7a,14528706,65,12.807357,59.977944,24.6,364683158.5,5.28,15009535.32,63935151,141199447,9.718652645,4.400608767
12905,8878,Torrvarpen,0xec4619,22667105,65,14.556939,59.641366,16,374327143.1,0.417,23133894.81,107087524,1944320374,85.77718125,4.724358227
98402,23898,Hotagen,0x5b749a,45798933,65.1675,14.66803,63.789047,21.7,1016853875,0.41,46591793.11,201883335,3109387884,67.89214683,4.408035772
69959,26606,Gussvattnet,0x1bf719,9522497,66,14.31522,64.433083,24.9,241879815.2,7.7,9916931.426,35850466,59332708,6.230793037,3.764817778
875,41637,Rengen,0x84454f,22674841,70,14.113263,64.064547,21.8,505735742.8,0.427,23250552.83,122769295,1112397780,49.0586805,5.41433984
792,23138,Juvuln,0x2298e3,37568464,70.1875,12.958776,63.701339,28.9,1104523859,0.593,38445314.92,115120404,1766542770,47.0219589,3.064282958
31253,3132,Östra Nedsjön,0xe6e02,7397702,71.666667,12.48708,57.722419,33.6,252260348.4,11.8,7825964.748,40414858,40414858,5.463163831,5.463163831
89621,24945,Valsjön,0x13fdf1,9193593,72,14.207411,64.019853,21.1,198631579.6,0.149,9557298.655,33237457,1409447679,153.3076001,3.615284797
16765,9736,Stor-Ullen,0x11a5a0,7421526,74,13.741289,59.98006,20.5,155906014.4,9.54,7746407.954,28799739,38777353,5.224983784,3.880568363
698,20344,Storsjön,0x2af5d2,456332771,74,14.460104,63.298349,19.9,9313060024,1.22,458836694.5,1000531543,12061402026,26.43115461,2.192548085
38399,5813,Skagern,0xcbbac4,132152812,75.3325,14.112139,58.986244,29.1,3911797354,1.9,133847087.8,302598044,5030908585,38.06887276,2.289758647
751,22441,Landögssjön,0x6baa54,46074132,75.375,14.28562,63.547658,32.9,1538879354,1.36,47151678.58,141610027,1455042434,31.58046328,3.073525661
69577,26426,Fågelvattnet,0xfae993,5092637,78,14.553468,64.403459,11.1,59412032.88,6.02,5287025.379,24016063,24016063,4.71584034,4.71584034
78882,40157,Fågelsjön,0xaaa04b,12334133,83,14.675798,64.353766,28.5,357709435.4,0.1,12866310.73,48152458,3747921535,303.8658279,3.904000224
68140,5129,Unden,0x64f65d,92898820,88.333333,14.387583,58.755486,31.1,2935712840,28.5,94473803.66,209833389,309978095,3.336728012,2.258730402
894,25339,Flåsjön,0x366dea,110028561,91,15.916866,64.130779,27.9,3125178281,6.88,111656537.9,293450499,1049765282,9.540843509,2.667039324
66753,5049,Vänern,0x4a8a86,5650000000,91.75,12.370973,58.366991,29,1.67E+11,9.1,5661639182,2013772726,46826011798,8.287789699,0.356419952
724,22304,Kallsjön,0x66c4a,158540386,95.0325,13.38309,63.390914,42.7,6848953396,2.38,161105287.1,329626985,3002319680,18.93725476,2.079135754
70757,27263,Kvarnbergsvattnet,0xc6a7e6,65907221,99,14.154062,64.502598,50.5,3361268423,1.27,67768924.99,227232592,2562310260,38.87753453,3.44776473
4479,28085,Malgomaj,0xab7bf3,102387249,113.5,16.506724,64.649416,45.2,4679120049,1.89,104668557.3,381845842,3560948380,34.77921728,3.729427695
67035,40622,Vättern,0xfd7b78,1885977434,128,15.041245,58.533162,40.3,76951700672,56,1895576217,1757990924,5733678376,3.040162768,0.932137836
1100,29844,Storuman,0xc64c96,170718876,128.75,17.100699,65.094577,30.8,5345188391,0.833,173188945.2,524721533,8361664198,48.97914275,3.073599975
