Date, 0, 1, 2, 3, 4, 5, 6, 7, 8, 9
20120101,None,2.9295,3.580833333,3.7985,3.814333333,None,3.97,None,4.192666667,None
20120102,None,2.9195,3.644166667,3.795166667,3.849166667,None,3.977166667,None,4.196166667,None
20120103,None,2.902166667,3.648166667,3.806,3.861666667,None,3.982166667,None,4.207,None
20120104,None,2.891333333,3.617833333,3.790333333,3.872833333,None,3.9895,None,4.226833333,None
20120105,None,2.891833333,3.646666667,3.7845,3.8485,None,3.982,None,4.210833333,None
20120106,None,2.900833333,3.593333333,3.796833333,3.814,None,3.975,None,4.192666667,None
20120107,None,2.933,3.5855,3.810666667,3.817833333,None,3.987166667,None,4.199166667,None
20120108,None,2.960666667,3.644166667,3.824833333,3.827666667,None,3.995666667,None,4.213166667,None
20120109,None,2.9505,3.608666667,3.8235,3.835,None,3.977333333,None,4.2035,None
20120110,None,2.963333333,3.5905,3.829833333,3.875333333,None,4.000666667,None,4.217166667,None
20120111,None,2.95,3.622333333,3.814666667,3.875833333,None,3.992666667,None,4.227333333,None
20120112,None,2.941166667,3.6405,3.8025,3.869333333,None,3.988833333,None,4.235,None
20120113,None,2.946833333,3.6615,3.8195,3.854833333,None,4.0014,None,4.241666667,None
20120114,None,2.944833333,3.660833333,3.823,3.850166667,None,4.005333333,None,4.238333333,None
20120115,None,2.9355,3.643166667,3.839666667,3.888,None,4.007333333,None,4.232,None
20120116,None,2.910666667,3.628666667,3.838,3.893666667,None,4.000333333,None,4.237666667,None
20120117,None,2.888666667,3.6085,3.8375,3.894166667,None,4.006666667,None,4.248333333,None
20120118,None,2.861166667,3.5725,3.833,3.884166667,None,4.003833333,None,4.247333333,None
20120119,None,2.846166667,3.568833333,3.8408,3.8922,None,4.018833333,None,4.247833333,None
20120120,None,2.818333333,3.573833333,3.847,3.884,None,4.010833333,None,4.248333333,None
20120121,None,2.815166667,3.559166667,3.849,3.8866,None,4.021,None,4.263,None
20120122,None,2.8065,3.579166667,3.848333333,3.882666667,None,4.035,None,4.271166667,None
20120123,None,2.785666667,3.6175,3.8325,3.860833333,None,4.021666667,None,4.265,None
20120124,None,2.780833333,3.567333333,3.834,3.878,None,4.023166667,None,4.258,None
20120125,None,2.773166667,3.574333333,3.840666667,3.8945,None,4.027,None,4.273166667,None
20120126,None,2.766166667,3.551,3.84,3.896666667,None,4.026333333,None,4.293833333,None
20120127,None,2.763,3.599333333,3.8485,3.901166667,None,4.0305,None,4.305,None
20120128,None,2.749166667,3.6195,3.835666667,3.894333333,None,4.025166667,None,4.305333333,None
20120129,None,2.739833333,3.608833333,3.830833333,3.892166667,None,4.033,None,4.311666667,None
20120130,None,2.743166667,3.602333333,3.851333333,3.894333333,None,4.042,None,4.308,None
20120131,None,2.722833333,3.5735,3.843833333,3.876833333,None,4.032,None,4.295333333,None
20120201,None,2.706333333,3.4645,3.824,3.861166667,None,4.016666667,None,4.285833333,None
20120202,None,2.733833333,3.4945,3.846833333,3.8955,None,4.050833333,None,4.315666667,None
20120203,None,2.747666667,3.542,3.846666667,3.898,None,4.064666667,None,4.322166667,None
20120204,None,2.731833333,3.4715,3.830666667,3.8695,None,4.049,None,4.3125,None
20120205,None,2.771333333,3.530333333,3.8525,3.906666667,None,4.073,None,4.345166667,None
20120206,None,2.762166667,3.548,3.852833333,3.912833333,None,4.069333333,None,4.356666667,None
20120207,None,2.779333333,3.621333333,3.864666667,3.924666667,None,4.0795,None,4.375333333,None
20120208,None,2.7555,3.594833333,3.850666667,3.897833333,None,4.049833333,None,4.351333333,None
20120209,None,2.7595,3.571,3.8485,3.891,None,4.045,None,4.352166667,None
20120210,None,2.777,3.595,3.861166667,3.910833333,None,4.064666667,None,4.361833333,None
20120211,None,2.774,3.5975,3.873833333,3.922,None,4.070333333,None,4.3645,None
20120212,None,2.7615,3.543,3.859,3.911666667,None,4.071166667,None,4.36,None
20120213,None,2.7275,3.563833333,3.847166667,3.9055,None,4.062166667,None,4.343833333,None
20120214,None,2.722833333,3.550833333,3.8485,3.904,None,4.063166667,None,4.352166667,None
20120215,None,2.73,3.597166667,3.859333333,3.926,None,4.086833333,None,4.371,None
20120216,None,2.711166667,3.5955,3.871333333,3.927,None,4.0805,None,4.370333333,None
20120217,None,2.692333333,3.5885,3.852833333,3.919833333,None,4.078,None,4.3735,None
20120218,None,2.6765,3.577833333,3.873666667,3.932,None,4.075833333,None,4.368666667,None
20120219,None,2.669833333,3.586833333,3.850166667,3.932666667,None,4.086333333,None,4.3905,None
20120220,None,2.655166667,3.557166667,3.8815,3.9455,None,4.085,None,4.381833333,None
20120221,None,2.645333333,3.5375,3.874833333,3.943166667,None,4.092333333,None,4.389666667,None
20120222,None,2.627833333,3.555166667,3.8765,3.937666667,None,4.077,None,4.3755,None
20120223,None,2.611166667,3.572833333,3.849833333,3.921,None,4.069166667,None,4.377166667,None
20120224,None,2.591666667,3.581166667,3.853166667,3.921166667,None,4.066166667,None,4.371333333,None
20120225,None,2.595833333,3.595,3.871,3.929166667,None,4.071333333,None,4.376833333,None
20120226,None,2.576833333,3.586333333,3.871833333,3.936333333,None,4.0795,None,4.386333333,None
20120227,None,2.555666667,3.508833333,3.8975,3.946,None,4.079666667,None,4.373666667,None
20120228,None,2.550666667,3.544,3.8655,3.938,None,4.100333333,None,4.3875,None
20120229,None,2.509166667,3.595333333,3.851333333,3.925166667,None,4.077166667,None,4.364166667,None
20120301,None,2.472166667,3.5355,3.845666667,3.919833333,None,4.074666667,None,4.368833333,None
20120302,None,2.392666667,3.52,3.837,3.9085,None,4.0575,None,4.344333333,None
20120303,None,2.3285,3.470833333,3.870333333,3.93,None,4.070666667,None,4.339333333,None
20120304,None,2.289666667,3.434,3.861166667,3.939333333,None,4.087333333,None,4.353166667,None
20120305,None,2.258666667,3.461333333,3.854,3.949333333,None,4.1045,None,4.361666667,None
20120306,None,2.222666667,3.425,3.847666667,3.9375,None,4.088166667,None,4.342833333,None
20120307,None,2.237,3.444166667,3.8415,3.939333333,None,4.097333333,None,4.356166667,None
20120308,None,2.251666667,3.463,3.844,3.952333333,None,4.11,None,4.367333333,None
20120309,None,2.244333333,3.468166667,3.840833333,3.931833333,None,4.086666667,None,4.354,None
20120310,None,2.2435,3.474,3.833833333,3.929166667,None,4.088333333,None,4.348333333,None
20120311,None,2.252666667,3.461666667,3.865666667,3.952666667,None,4.1045,None,4.364833333,None
20120312,None,2.250166667,3.453833333,3.840833333,3.943166667,None,4.098166667,None,4.355166667,None
20120313,None,2.236166667,3.443666667,3.816,3.9058,None,4.083333333,None,4.3375,None
20120314,None,2.186833333,3.424166667,3.825,3.925833333,None,4.079333333,None,4.328,None
20120315,None,2.040833333,3.375333333,3.8035,3.903,None,4.056333333,None,4.306333333,None
20120316,None,1.954,3.293,3.7895,3.911833333,None,4.069666667,None,4.318,None
20120317,None,1.894666667,3.269666667,3.785833333,3.923833333,None,4.078833333,None,4.326,None
20120318,None,1.83,3.2635,3.781333333,3.91,None,4.08,None,4.332833333,None
20120319,None,1.790166667,3.221,3.8045,3.923833333,None,4.083,None,4.331666667,None
20120320,None,1.809666667,3.221166667,3.790333333,3.928166667,None,4.091666667,None,4.3545,None
20120321,None,1.609,3.117,3.752833333,3.8965,None,4.059833333,None,4.32,None
20120322,None,1.504833333,3.058666667,3.685833333,3.866166667,None,4.058166667,None,4.3165,None
20120323,None,1.509666667,3.003333333,3.685833333,3.870833333,None,4.0595,None,4.3055,None
20120324,None,1.409333333,2.933,3.657333333,3.842,None,4.011,None,4.252333333,None
20120325,None,1.472666667,2.955333333,3.608333333,3.845666667,None,4.018,None,4.284833333,None
20120326,None,1.5845,2.955333333,3.623666667,3.827,None,4.006166667,None,4.27,None
20120327,None,1.778833333,2.961333333,3.655666667,3.8675,None,4.0535,None,4.310833333,None
20120328,None,1.800666667,2.8705,3.6315,3.843166667,None,4.022166667,None,4.283666667,None
20120329,None,1.9095,2.783333333,3.6695,3.884166667,None,4.061666667,None,4.321666667,None
20120330,None,2.066333333,2.817166667,3.6185,3.875833333,None,4.070833333,None,4.326333333,None
20120331,None,2.256833333,2.895333333,3.6795,3.8885,None,4.065833333,None,4.3375,None
20120401,None,2.605333333,2.998666667,3.688833333,3.896333333,None,4.071166667,None,4.357,None
20120402,None,2.793166667,3.021,3.701166667,3.906,None,4.089666667,None,4.366666667,None
20120403,None,3.046666667,3.191833333,3.743,3.887833333,None,4.088666667,None,4.38,None
20120404,None,3.284833333,3.186666667,3.719,3.854166667,None,4.0745,None,4.3575,None
20120405,None,3.443166667,3.262166667,3.706333333,3.855666667,None,4.060333333,None,4.364666667,None
20120406,None,3.6285,3.479166667,3.742333333,3.883166667,None,4.097666667,None,4.387666667,None
20120407,None,3.721166667,3.476333333,3.752333333,3.880666667,None,4.107833333,None,4.399166667,None
20120408,None,3.822666667,3.469333333,3.721333333,3.848,None,4.077,None,4.376833333,None
20120409,None,4.031666667,3.541,3.719,3.852833333,None,4.082833333,None,4.38,None
20120410,None,4.125833333,3.606833333,3.7505,3.8955,None,4.121666667,None,4.405666667,None
20120411,None,4.1395,3.637666667,3.747,3.903666667,None,4.1225,None,4.406833333,None
20120412,None,4.078833333,3.636833333,3.717666667,3.892666667,None,4.108833333,None,4.397333333,None
20120413,None,4.046166667,3.661,3.695333333,3.8715,None,4.076166667,None,4.380166667,None
20120414,None,4.094666667,3.688166667,3.698166667,3.8885,None,4.080333333,None,4.3715,None
20120415,None,4.0355,3.703,3.643166667,3.840833333,None,4.045333333,None,4.359166667,None
20120416,None,None,3.730666667,3.740666667,3.92,None,4.120166667,None,4.407333333,None
20120417,None,3.899166667,3.7395,3.712666667,3.883166667,None,4.092166667,None,4.390666667,None
20120418,None,3.851166667,3.750166667,3.713333333,3.869666667,None,4.0715,None,4.3785,None
20120419,None,3.878833333,3.776333333,3.758,3.917,None,4.121833333,None,4.403166667,None
20120420,None,3.8705,3.789833333,3.755333333,3.898833333,None,4.100833333,None,4.393333333,None
20120421,None,3.857,3.787333333,3.758666667,3.884,None,4.083,None,4.374,None
20120422,None,3.763,3.799833333,3.752666667,3.8695,None,4.0755,None,4.369666667,None
20120423,None,3.738166667,3.814833333,3.787666667,3.904333333,None,4.119,None,4.423166667,None
20120424,None,3.703166667,3.832833333,3.794166667,3.888166667,None,4.1,None,4.3885,None
20120425,None,3.543,3.856,3.789,3.843166667,None,4.047666667,None,4.349,None
20120426,None,3.472333333,3.902833333,3.861833333,3.898666667,None,4.109,None,4.404333333,None
20120427,None,3.162,3.945833333,3.856333333,3.877833333,None,4.088,None,4.380666667,None
20120428,None,3.034,3.8875,3.849166667,3.874666667,None,4.0595,None,4.3535,None
20120429,None,3.186166667,3.735833333,3.846833333,3.829666667,None,4.037166667,None,4.341166667,None
20120430,None,3.914166667,3.835166667,3.800833333,3.827833333,None,4.008333333,None,4.327833333,None
20120501,None,4.269666667,3.964166667,3.869333333,3.837833333,None,4.026666667,None,4.325166667,None
20120502,None,4.274,4.183,3.9385,3.823666667,None,4.007166667,None,4.312333333,None
20120503,None,5.392833333,4.813166667,4.325666667,4.196666667,None,4.152666667,None,4.234833333,None
20120504,None,5.9775,5.605166667,4.891,4.444333333,None,4.171833333,None,4.180333333,None
20120505,None,6.818833333,6.462666667,5.606,4.831833333,None,4.242666667,None,4.252833333,None
20120506,None,6.503166667,6.443833333,6.1525,5.588666667,None,4.603,None,4.234,None
20120507,None,6.163,6.124833333,5.892666667,5.677666667,None,5.129,None,4.648166667,None
20120508,None,7.1305,6.2905,5.885666667,5.616666667,None,5.167166667,None,4.784333333,None
20120509,None,7.142166667,6.722166667,6.2865,5.993666667,None,5.407,None,4.9435,None
20120510,None,7.0555,6.999,6.857666667,6.727666667,None,5.731166667,None,5.027,None
20120511,None,7.6245,7.549333333,7.233,6.994,None,5.705166667,None,5.099,None
20120512,None,7.915166667,7.729333333,7.2635,6.9105,None,5.777,None,5.291166667,None
20120513,None,7.7865,7.7315,7.542333333,7.132,None,6.177833333,None,5.3995,None
20120514,None,7.702666667,7.615166667,7.490833333,7.158833333,None,6.408333333,None,5.573,None
20120515,None,7.538333333,7.522833333,7.477666667,7.458,None,6.828,None,5.743,None
20120516,None,7.87,7.846166667,7.757666667,7.592333333,None,7.284833333,None,6.122833333,None
20120517,None,8.43,8.29,8.050166667,7.799666667,None,7.244166667,None,6.225166667,None
20120518,None,None,8.295,7.9554,7.700833333,None,7.115,None,6.432166667,None
20120519,None,8.835,8.06275,7.770333333,7.532333333,None,7.0255,None,6.489833333,None
20120520,None,9.251666667,8.115,7.735666667,7.466333333,None,7.048166667,None,6.5535,None
20120521,None,10.19666667,8.366666667,7.733666667,7.4415,None,6.951833333,None,6.581666667,None
20120522,None,11.38666667,8.531666667,7.776833333,7.511333333,None,6.987833333,None,6.556833333,None
20120523,None,11.66833333,8.668333333,7.676,7.423333333,None,6.898833333,None,6.469333333,None
20120524,None,11.77166667,8.841666667,7.63,7.309666667,None,6.789,None,6.438666667,None
20120525,None,12.61,8.925,7.6535,7.3325,None,6.760833333,None,6.448833333,None
20120526,None,13.21333333,8.78,7.578666667,7.266833333,None,6.752,None,6.431,None
20120527,None,13.74,9.023333333,7.683333333,7.338166667,None,6.818833333,None,6.436166667,None
20120528,None,16.08,9.378333333,7.692,7.262,None,6.761,None,6.4135,None
20120529,None,16.44333333,9.556666667,7.816833333,7.381833333,None,6.836666667,None,6.495166667,None
20120530,None,15.41166667,9.79,7.759333333,7.335,None,6.8405,None,6.579,None
20120531,None,14.93333333,9.953333333,7.833666667,7.377333333,None,6.841833333,None,6.548,None
20120601,None,14.17333333,10.31333333,7.887166667,7.395333333,None,6.858666667,None,6.545,None
20120602,None,13.35,11.44666667,8.007,7.446,None,6.859833333,None,6.571666667,None
20120603,None,12.33666667,11.83,7.8665,7.360833333,None,6.824,None,6.530166667,None
20120604,None,11.165,11.11833333,8.558333333,7.422666667,None,6.880166667,None,6.5575,None
20120605,None,11.19166667,10.79833333,9.039833333,7.416333333,None,6.855833333,None,6.530666667,None
20120606,None,11.44333333,10.755,9.155,7.741,None,6.910833333,None,6.5545,None
20120607,None,11.51333333,10.80333333,9.11,7.550833333,None,6.833833333,None,6.539666667,None
20120608,None,None,10.70666667,8.91,7.632666667,None,6.839333333,None,None,None
20120612,None,None,12.62,8.77,7.275666667,None,6.676666667,None,None,None
20120613,None,None,12.40333333,9.163333333,7.692,None,6.884666667,None,None,None
20120614,None,None,12.47666667,8.736666667,7.514333333,None,6.820333333,None,None,None
20120615,None,None,12.275,9.328333333,7.801333333,None,6.898166667,None,6.602833333,None
20120616,None,14.255,12.495,9.486666667,7.709666667,None,6.838666667,None,6.566,None
20120617,None,13.72833333,12.86666667,9.688333333,7.9835,None,6.947666667,None,6.648166667,None
20120618,None,13.44,12.55333333,9.473333333,7.899333333,None,6.8495,None,6.596833333,None
20120619,None,14.055,13.00666667,9.6,7.929666667,None,6.859666667,None,6.589833333,None
20120620,None,14.70833333,13.59,9.888333333,7.8648,None,6.814166667,None,6.545666667,None
20120621,None,15.21333333,13.52833333,9.77,7.8155,None,6.76,None,6.478666667,None
20120622,None,15.73833333,13.67166667,9.766666667,7.7915,None,6.745666667,None,6.4645,None
20120623,None,16.35333333,13.75833333,9.856666667,7.956166667,None,6.839166667,None,6.525333333,None
20120624,None,15.90833333,14.725,10.24166667,8.085833333,None,6.8725,None,6.566166667,None
20120625,None,15.15333333,14.65166667,10.09166667,7.981333333,None,6.8965,None,6.554666667,None
20120626,None,None,14.715,10.73333333,8.063666667,None,6.902333333,None,None,None
20120703,None,None,14.07333333,11.16333333,8.557,None,6.852666667,None,None,None
20120704,None,15.645,14.66666667,11.36833333,8.295,None,6.904833333,None,6.558666667,None
20120705,None,16.29666667,14.75,11.48,8.215,None,6.825166667,None,6.499166667,None
20120706,None,17.08333333,14.90166667,11.22833333,8.14,None,6.810333333,None,6.486833333,None
20120707,None,17.795,15.00166667,11.14833333,8.1045,None,6.819333333,None,6.507333333,None
20120708,None,17.62333333,14.87666667,11.28166667,8.271666667,None,6.924,None,6.569166667,None
20120709,None,17.03666667,14.835,11.48166667,8.421666667,None,6.889333333,None,6.5335,None
20120710,None,16.91,14.93166667,11.64,8.503333333,None,6.913166667,None,6.522166667,None
20120711,None,17.10666667,14.97333333,11.915,8.536666667,None,6.840333333,None,6.502833333,None
20120712,None,17.16666667,14.82833333,12.095,8.535,None,6.876,None,6.534,None
20120713,None,16.39333333,14.67166667,12.01333333,8.696666667,None,6.938,None,6.579166667,None
20120714,None,16.155,14.475,11.89,8.981666667,None,6.9525,None,6.540166667,None
20120715,None,16.77666667,14.48833333,12.37333333,9.03,None,6.9265,None,6.515666667,None
20120716,None,16.915,14.545,11.815,8.811666667,None,6.935,None,6.4915,None
20120717,None,16.46333333,14.89,11.83333333,8.791666667,None,6.9305,None,6.525333333,None
20120718,None,16.2,15.06,11.74666667,8.802,None,6.883333333,None,6.490333333,None
20120719,None,15.755,15.27333333,11.66166667,8.428333333,None,6.894666667,None,6.5145,None
20120720,None,15.58833333,15.08166667,11.48666667,8.598333333,None,6.886833333,None,6.535,None
20120721,None,15.85333333,14.915,11.57833333,8.743333333,None,6.905666667,None,6.5635,None
20120722,None,16.06333333,14.79166667,11.61666667,8.608333333,None,6.8735,None,6.490833333,None
20120723,None,15.69833333,14.84166667,11.69833333,8.69,None,6.939,None,6.542333333,None
20120724,None,15.51666667,14.87833333,11.645,8.611666667,None,6.923,None,6.569666667,None
20120725,None,15.86833333,15.11666667,11.56,8.673,None,6.922833333,None,6.511833333,None
20120726,None,16.66333333,14.96166667,11.61666667,8.685,None,6.886666667,None,6.513666667,None
20120727,None,16.65666667,15.19333333,11.59666667,8.72,None,6.870833333,None,6.471,None
20120728,None,17.86833333,15.07833333,11.85,8.731666667,None,6.890333333,None,6.573833333,None
20120729,None,17.38333333,15.16166667,11.54833333,8.648333333,None,7.014666667,None,6.618833333,None
20120730,None,16.775,15.055,11.40833333,8.668,None,6.865666667,None,6.534,None
20120731,None,17.34833333,14.955,12.17666667,8.898333333,None,6.933833333,None,6.583333333,None
20120801,None,17.52666667,15.29333333,12.025,9.038333333,None,7.036166667,None,6.5845,None
20120802,None,17.15166667,15.68,11.86,9.032,None,7.0235,None,6.5915,None
20120803,None,16.81333333,15.53333333,11.97833333,8.985,None,6.975833333,None,6.621,None
20120804,None,16.47,15.20333333,11.96166667,9.19,None,6.993666667,None,6.560333333,None
20120805,None,16.99333333,15.27333333,12.07833333,9.221666667,None,6.9635,None,6.546666667,None
20120806,None,17.28666667,15.23333333,11.87,9.281666667,None,7.0085,None,6.590333333,None
20120807,None,16.725,15.24166667,12.24166667,9.113333333,None,7.02,None,6.6425,None
20120808,None,16.15166667,15.30166667,12.11833333,9.095,None,7.0185,None,6.649833333,None
20120809,None,15.95166667,14.89833333,11.995,9.12,None,7.044666667,None,6.621,None
20120810,None,15.775,14.855,12.24666667,8.874833333,None,6.9485,None,6.574333333,None
20120811,None,15.985,14.79666667,11.96166667,9.038,None,7.019833333,None,6.601833333,None
20120812,None,15.79333333,14.73333333,11.91833333,9.043333333,None,6.921666667,None,6.568666667,None
20120813,None,17.14833333,14.79666667,11.94666667,8.743333333,None,6.872333333,None,6.548833333,None
20120814,None,None,14.67,11.94333333,9.06,None,7.005333333,None,None,None
20120824,None,None,15.88,12.33333333,9.583333333,None,7.163,None,None,None
20120825,None,16.71166667,15.48833333,12.28333333,9.623333333,None,7.171333333,None,6.6785,None
20120826,None,16.41166667,15.28166667,12.34666667,9.47,None,7.178166667,None,6.696333333,None
20120827,None,16.11333333,15.22833333,12.285,9.348333333,None,7.163666667,None,6.7315,None
20120828,None,15.17166667,14.65833333,12.22,9.501666667,None,7.136333333,None,6.702833333,None
20120829,None,14.73166667,14.305,12.51833333,9.333333333,None,7.2455,None,6.819,None
20120830,None,13.94166667,13.72833333,12.775,9.618333333,None,7.201333333,None,6.722666667,None
20120831,None,13.93,13.73333333,12.87333333,9.478333333,None,7.204833333,None,6.788166667,None
20120901,None,13.63166667,13.4,12.965,9.666666667,None,7.172666667,None,6.751833333,None
20120902,None,13.61333333,13.455,12.62166667,9.843333333,None,7.183833333,None,None,None
20120903,None,14.19333333,14.08666667,12.82833333,9.608333333,None,7.232833333,None,6.775166667,None
20120904,None,13.805,13.55333333,12.82666667,9.708333333,None,7.195666667,None,6.779,None
20120905,None,14.12166667,13.83166667,12.87833333,9.901666667,None,7.217333333,None,6.827666667,None
20120906,None,13.425,13.37,13.21833333,10.626,None,7.275333333,None,6.87,None
20120907,None,12.40833333,12.315,12.18166667,11.22,None,7.227833333,None,6.870666667,None
20120908,None,12.04,11.89333333,11.605,11.02833333,None,7.345166667,None,6.899166667,None
20120909,None,11.685,11.615,11.49,11.095,None,7.3195,None,6.9055,None
20120910,None,11.29666667,11.21833333,11.13166667,10.90833333,None,7.245833333,None,6.8785,None
20120911,None,11.51,11.47333333,11.34833333,10.85666667,None,7.379166667,None,6.903333333,None
20120912,None,11.65666667,11.64166667,11.55833333,11.10166667,None,7.391,None,6.9055,None
20120913,None,None,11.19333333,11.2,10.98666667,None,7.471333333,None,None,None
20120918,None,None,10.11,9.986666667,9.816666667,None,8.409,None,None,None
20120919,None,9.76,9.723333333,9.728333333,9.648333333,None,8.921666667,None,7.018,None
20120920,None,9.696666667,9.631666667,9.518333333,9.363333333,None,8.965,None,6.994,None
20120921,None,9.416666667,9.253333333,9.218333333,9.178,None,8.896666667,None,7.020666667,None
20120922,None,8.878333333,8.81,8.666666667,8.628333333,None,8.431666667,None,7.056666667,None
20120923,None,8.466666667,8.431666667,8.425,8.415,None,8.286666667,None,7.305,None
20120924,None,8.121666667,8.0805,8.0886,8.050333333,None,8.008,None,7.959833333,None
20120925,None,8.108666667,8.042333333,7.965333333,7.917666667,None,7.852833333,None,7.805,None
20120926,None,7.943333333,7.891833333,7.882,7.853833333,None,7.808833333,None,7.782,None
20120927,None,7.752,7.677333333,7.666,7.641833333,None,7.605333333,None,7.532,None
20120928,None,7.795833333,7.6265,7.517666667,7.491166667,None,7.441833333,None,7.3895,None
20120929,None,None,7.795666667,7.598,7.521666667,None,7.465,None,None,None
20121002,None,None,8.061666667,7.976666667,7.551333333,None,7.328666667,None,None,None
20121003,None,8.016833333,8.001333333,7.9858,7.821333333,None,7.428333333,None,7.342,None
20121004,None,7.815666667,7.8015,7.795833333,7.753666667,None,7.561666667,None,7.420333333,None
20121005,None,7.693666667,7.668333333,7.666833333,7.64,None,7.597666667,None,7.548333333,None
20121006,None,7.515333333,7.3755,7.355833333,7.3275,None,7.245666667,None,7.169166667,None
20121007,None,7.157666667,7.100833333,7.049833333,7.011666667,None,6.948333333,None,6.913,None
20121008,None,6.763833333,6.735333333,6.745166667,6.746666667,None,6.729666667,None,6.723833333,None
20121009,None,6.2925,6.281166667,6.261333333,6.257,None,6.251333333,None,None,None
20121010,None,6.054666667,6.043666667,6.054666667,6.066333333,None,6.063333333,None,6.063333333,None
20121011,None,5.958333333,5.921333333,5.847666667,5.745666667,None,5.581333333,None,5.536,None
20121012,None,5.569166667,5.485333333,5.515166667,5.477,None,5.421666667,None,5.3325,None
20121013,None,5.191666667,5.149,5.165833333,5.163166667,None,5.120666667,None,5.014166667,None
20121014,None,None,5.012333333,5.037666667,5.040333333,None,5.001,None,None,None
20121015,None,None,4.593666667,4.616333333,4.613666667,None,4.605333333,None,None,None
20121016,None,4.2445,4.224666667,4.247333333,4.243166667,None,4.2305,None,4.226166667,None
20121017,None,4.051166667,4.0412,4.041333333,4.0385,None,4.035666667,None,4.063833333,None
20121018,None,3.991333333,3.972833333,3.974666667,3.966166667,None,3.957333333,None,None,None
20121019,None,4.0385,4.0455,4.017,4.009833333,None,4.001333333,None,4.039833333,None
20121020,None,4.079166667,4.076333333,4.077666667,4.087833333,None,4.077833333,None,4.107666667,None
20121021,None,4.014,4.004166667,4.014166667,4.021166667,None,4.0255,None,4.106666667,None
20121022,None,3.995,3.996333333,4.019166667,4.023333333,None,4.026166667,None,4.064666667,None
20121023,None,3.883833333,3.876666667,3.918,3.925333333,None,3.948,None,3.989333333,None
20121024,None,3.598,3.719,3.812833333,3.831166667,None,3.866833333,None,3.925166667,None
20121025,None,3.415833333,3.515333333,3.617833333,3.6605,None,3.7415,None,3.8695,None
20121026,None,3.418333333,3.508,3.606333333,3.660166667,None,3.759833333,None,3.838166667,None
20121027,None,3.2395,3.242166667,3.373,3.451666667,None,3.557166667,None,3.781833333,None
20121028,None,3.004166667,3.089666667,3.267666667,3.359,None,3.455666667,None,3.625,None
20121029,None,2.975666667,3.0395,3.233333333,3.353,None,3.532333333,None,3.710333333,None
20121030,None,3.038833333,3.111333333,3.238166667,3.336666667,None,3.5475,None,3.7835,None
20121031,None,3.042666667,3.074,3.265,3.360333333,None,3.537166667,None,3.839,None
20121101,None,3.106333333,3.167666667,3.328666667,3.424166667,None,3.563666667,None,3.895333333,None
20121102,None,3.103333333,3.2215,3.3195,3.410666667,None,3.561666667,None,3.9045,None
20121103,None,3.108833333,3.227166667,3.348166667,3.4335,None,3.595666667,None,3.914333333,None
20121104,None,3.091333333,3.230833333,3.346,3.445666667,None,3.652,None,3.898,None
20121105,None,3.074833333,3.247166667,3.373666667,3.463333333,None,3.654,None,3.908666667,None
20121106,None,3.048166667,3.244833333,3.39,3.474166667,None,3.666333333,None,4.006166667,None
20121107,None,3.067833333,3.246,3.436666667,3.513833333,None,3.7,None,3.9905,None
20121108,None,3.102833333,3.291,3.454666667,3.542833333,None,3.740666667,None,4.036666667,None
20121109,None,3.1355,3.322,3.4575,3.535666667,None,3.7265,None,4.003833333,None
20121110,None,3.171833333,3.3555,3.4765,3.550666667,None,3.742333333,None,4.007333333,None
20121111,None,3.2155,3.404666667,3.480333333,3.552833333,None,3.733333333,None,4.017833333,None
20121112,None,2.556666667,3.3545,3.413166667,3.484166667,None,3.680333333,None,3.981666667,None
20121113,None,2.018,3.164,3.428833333,3.490166667,None,3.670833333,None,3.9595,None
20121114,None,2.243333333,3.2785,3.433666667,3.495,None,3.684333333,None,4.0115,None
20121115,None,2.4785,3.313333333,3.4185,3.503833333,None,3.714666667,None,3.966333333,None
20121116,None,2.647666667,3.335833333,3.448166667,3.529333333,None,3.732833333,None,4.030166667,None
20121117,None,2.763166667,3.342833333,3.442666667,3.531166667,None,3.730166667,None,4.041666667,None
20121118,None,2.830833333,3.385833333,3.455833333,3.5355,None,3.732833333,None,4.061666667,None
20121119,None,2.858,3.358166667,3.464666667,3.534666667,None,3.738,None,4.063666667,None
20121120,None,2.898166667,3.364,3.4765,3.556333333,None,3.749833333,None,4.0855,None
20121121,None,2.9025,3.413333333,3.4665,3.5545,None,3.758,None,4.072,None
20121122,None,2.863666667,3.421666667,3.481666667,3.555666667,None,3.750333333,None,4.083166667,None
20121123,None,2.408666667,3.365833333,3.4655,3.548166667,None,3.73,None,4.062833333,None
20121124,None,2.332833333,3.35,3.479666667,3.556333333,None,3.734333333,None,4.067,None
20121125,None,2.206666667,3.321333333,3.499166667,3.571833333,None,3.74,None,4.091,None
20121126,None,2.3555,3.316333333,3.493166667,3.571333333,None,3.753666667,None,4.102,None
20121127,None,2.537833333,3.367333333,3.508333333,3.585,None,3.765833333,None,4.139833333,None
20121128,None,2.676166667,3.384333333,3.522166667,3.600666667,None,3.787166667,None,4.168,None
20121129,None,2.7465,3.3775,3.524166667,3.598166667,None,3.783333333,None,4.1585,None
20121130,None,2.8025,3.373833333,3.547666667,3.614166667,None,3.8065,None,4.185,None
20121201,None,2.830833333,3.349666667,3.562166667,3.631833333,None,3.797166667,None,4.201333333,None
20121202,None,2.850833333,3.352666667,3.5565,3.622166667,None,3.8215,None,4.207,None
20121203,None,2.846333333,3.278833333,3.564,3.629666667,None,3.832,None,4.206666667,None
20121204,None,2.862,3.283166667,3.578666667,3.6385,None,3.8495,None,4.215833333,None
20121205,None,2.860166667,3.278833333,3.572833333,3.645333333,None,3.846333333,None,4.215833333,None
20121206,None,2.871833333,3.341166667,3.585,3.658833333,None,3.8585,None,4.234333333,None
20121207,None,2.860833333,3.310166667,3.5915,3.655333333,None,3.862333333,None,4.245333333,None
20121208,None,2.866666667,3.335,3.583,3.655833333,None,3.873833333,None,4.2525,None
20121209,None,2.854666667,3.334166667,3.595,3.662166667,None,3.878666667,None,4.259,None
20121210,None,2.862166667,3.374166667,3.598,3.669166667,None,3.865833333,None,4.265833333,None
20121211,None,2.839,3.345333333,3.5935,3.660333333,None,3.854333333,None,4.263,None
20121212,None,2.828833333,3.32,3.595333333,3.669333333,None,3.873333333,None,4.263833333,None
20121213,None,2.8145,3.346833333,3.602,3.676166667,None,3.889833333,None,4.267333333,None
20121214,None,2.8205,3.376833333,3.607666667,3.684833333,None,3.901333333,None,4.285833333,None
20121215,None,2.8055,3.411166667,3.613666667,3.6835,None,3.909833333,None,4.287166667,None
20121216,None,2.8,3.425833333,3.610833333,3.692166667,None,3.9255,None,4.2955,None
20121217,None,2.797166667,3.468333333,3.626333333,3.7045,None,3.9465,None,4.317666667,None
20121218,None,2.780833333,3.4675,3.62,3.708,None,3.9455,None,4.306833333,None
20121219,None,2.775166667,3.459166667,3.634166667,3.713833333,None,3.95,None,4.323833333,None
20121220,None,2.748666667,3.414333333,3.626666667,3.702166667,None,3.9085,None,4.307,None
20121221,None,2.731166667,3.332666667,3.625,3.707666667,None,3.928833333,None,4.310666667,None
20121222,None,2.744166667,3.369666667,3.646333333,3.734666667,None,3.967,None,4.336166667,None
20121223,None,2.725166667,3.4195,3.641833333,3.731666667,None,3.963666667,None,4.328,None
20121224,None,2.715,3.4395,3.651666667,3.740333333,None,3.979166667,None,4.340666667,None
20121225,None,2.700833333,3.431,3.648833333,3.734333333,None,3.9835,None,4.343333333,None
20121226,None,2.6915,3.443,3.652166667,3.741833333,None,3.9795,None,4.349666667,None
20121227,None,2.678666667,3.451166667,3.656166667,3.745833333,None,3.938166667,None,4.359,None
20121228,None,2.656666667,3.395333333,3.6635,3.746166667,None,3.956666667,None,4.371166667,None
20121229,None,2.666333333,3.411,3.666333333,3.760166667,None,3.995166667,None,4.376833333,None
20121230,None,2.659166667,3.471666667,3.6725,3.7635,None,4.004,None,4.368,None
20121231,None,2.634166667,3.496166667,3.659666667,3.763666667,None,3.9998,None,4.3365,None
20130101,None,2.626833333,3.4875,3.672666667,3.7765,None,4.011166667,None,4.342333333,None
20130102,None,2.601333333,3.4495,3.6785,3.778166667,None,3.997166667,None,4.351333333,None
20130103,None,2.5985,3.425333333,3.681833333,3.771666667,None,3.998,None,4.332333333,None
20130104,None,2.593166667,3.4695,3.677333333,3.775833333,None,3.980333333,None,4.351666667,None
20130105,None,2.587666667,3.481,3.690166667,3.774,None,4.0045,None,4.344166667,None
20130106,None,2.568333333,3.453333333,3.684,3.769,None,4.0265,None,4.3425,None
20130107,None,2.565833333,3.438333333,3.687333333,3.779833333,None,4.053166667,None,4.354666667,None
20130108,None,2.555166667,3.447333333,3.679166667,3.7775,None,4.048,None,4.343666667,None
20130109,None,2.527666667,3.406,3.6995,3.787833333,None,4.051166667,None,4.36,None
20130110,None,2.529,3.4315,3.690833333,3.791833333,None,4.050666667,None,4.365333333,None
20130111,None,2.502333333,3.432,3.705333333,3.798,None,4.055333333,None,4.382666667,None
20130112,None,2.482666667,3.386833333,3.703166667,3.797166667,None,4.003666667,None,4.3865,None
20130113,None,2.474,3.329333333,3.707333333,3.8,None,4.033666667,None,4.394,None
20130114,None,2.469833333,3.316833333,3.709166667,3.804833333,None,4.043,None,4.407666667,None
20130115,None,2.4825,3.3165,3.693333333,3.804833333,None,4.061166667,None,4.424666667,None
20130116,None,2.599833333,3.372,3.7285,3.828333333,None,4.082,None,4.436666667,None
20130117,None,2.635666667,3.356666667,3.720666667,3.8275,None,4.0895,None,4.452833333,None
20130118,None,2.656666667,3.405666667,3.723666667,3.836166667,None,4.094,None,4.469666667,None
20130119,None,2.6515,3.394666667,3.732666667,3.839666667,None,4.081833333,None,4.475,None
20130120,None,2.620333333,3.345833333,3.7195,3.825333333,None,4.063166667,None,4.469166667,None
20130121,None,2.630166667,3.444166667,3.733166667,3.848666667,None,4.085,None,4.483333333,None
20130122,None,2.586833333,3.364833333,3.736833333,3.836666667,None,4.0775,None,4.483166667,None
20130123,None,2.572,3.333,3.7255,3.837833333,None,4.078833333,None,4.476333333,None
20130124,None,2.567333333,3.351166667,3.732,3.851833333,None,4.097,None,4.481666667,None
20130125,None,2.549166667,3.378333333,3.735833333,3.85,None,4.0965,None,4.475,None
20130126,None,2.534,3.3475,3.734166667,3.848,None,4.1005,None,4.482166667,None
20130127,None,2.534166667,3.417,3.731833333,3.855666667,None,4.103333333,None,4.487666667,None
20130128,None,2.524,3.435,3.74,3.859333333,None,4.104166667,None,4.488,None
20130129,None,2.502666667,3.420666667,3.748333333,3.8635,None,4.0955,None,4.494,None
20130130,None,2.497333333,3.455166667,3.741166667,3.863666667,None,4.085666667,None,4.495,None
20130131,None,2.489166667,3.460666667,3.745666667,3.870833333,None,4.085333333,None,4.4965,None
20130201,None,2.467833333,3.419833333,3.761833333,3.874166667,None,4.0775,None,4.502666667,None
20130202,None,2.454833333,3.3425,3.756,3.877,None,4.072166667,None,4.507833333,None
20130203,None,2.463166667,3.383333333,3.756833333,3.893333333,None,4.090166667,None,4.518333333,None
20130204,None,2.445333333,3.364166667,3.746,3.8785,None,4.0795,None,4.512,None
20130205,None,2.444666667,3.403,3.759166667,3.884333333,None,4.079333333,None,4.5105,None
20130206,None,2.4425,3.404833333,3.754166667,3.8935,None,4.0785,None,4.518166667,None
20130207,None,2.4435,3.438333333,3.7585,3.8965,None,4.078833333,None,4.518,None
20130208,None,2.4215,3.384,3.759833333,3.885166667,None,4.071666667,None,4.509666667,None
20130209,None,2.426166667,3.318333333,3.736,3.879833333,None,4.073666667,None,4.509333333,None
20130210,None,2.423833333,3.316333333,3.7315,3.878333333,None,4.072,None,4.513333333,None
20130211,None,2.446166667,3.3875,3.741,3.880333333,None,4.085333333,None,4.5265,None
20130212,None,2.458,3.369666667,3.751833333,3.884166667,None,4.094833333,None,4.5315,None
20130213,None,2.444833333,3.3455,3.757166667,3.877,None,4.066333333,None,4.517666667,None
20130214,None,2.459833333,3.382666667,3.76,3.8885,None,4.0875,None,4.5215,None
20130215,None,2.462166667,3.403333333,3.773666667,3.9045,None,4.092333333,None,4.5275,None
20130216,None,2.460166667,3.411,3.781333333,3.9135,None,4.088833333,None,4.526666667,None
20130217,None,2.456833333,3.402,3.776333333,3.911833333,None,4.086833333,None,4.531833333,None
20130218,None,2.458666667,3.418,3.779666667,3.917833333,None,4.097,None,4.539333333,None
20130219,None,2.447666667,3.441,3.778333333,3.922,None,4.109666667,None,4.5445,None
20130220,None,2.4455,3.4175,3.782166667,3.9245,None,4.108166667,None,4.558833333,None
20130221,None,2.418166667,3.325333333,3.7815,3.909833333,None,4.099166667,None,4.555666667,None
20130222,None,2.431,3.325833333,3.794833333,3.921666667,None,4.122333333,None,4.580833333,None
20130223,None,2.445666667,3.389833333,3.790166667,3.935333333,None,4.1305,None,4.588333333,None
20130224,None,2.434166667,3.441666667,3.787666667,3.928333333,None,4.118833333,None,4.588,None
20130225,None,2.398333333,3.396,3.8,3.929666667,None,4.109,None,4.590833333,None
20130226,None,2.386333333,3.3375,3.807833333,3.930333333,None,4.106833333,None,4.5935,None
20130227,None,2.3735,3.3615,3.790166667,3.9185,None,4.096166667,None,4.58,None
20130228,None,2.3595,3.3885,3.795666667,3.926666667,None,4.098666667,None,4.579166667,None
20130301,None,2.352666667,3.4115,3.798666667,3.941166667,None,4.113166667,None,4.577833333,None
20130302,None,2.331166667,3.399833333,3.802833333,3.945,None,4.124166667,None,4.577666667,None
20130303,None,2.328833333,3.402166667,3.799166667,3.942833333,None,4.1375,None,4.564,None
20130304,None,2.304166667,3.39,3.794333333,3.940833333,None,4.152833333,None,4.559333333,None
20130305,None,2.305,3.3885,3.7985,3.940666667,None,4.176666667,None,4.544666667,None
20130306,None,2.290166667,3.372166667,3.797833333,3.930166667,None,4.173333333,None,4.508666667,None
20130307,None,2.2695,3.381166667,3.799333333,3.9205,None,4.1665,None,4.493333333,None
20130308,None,2.253166667,3.332666667,3.7985,3.917666667,None,4.164,None,4.485333333,None
20130309,None,2.2225,3.2935,3.802166667,3.910166667,None,4.142,None,4.4795,None
20130310,None,2.241666667,3.311833333,3.800333333,3.925666667,None,4.168833333,None,4.484666667,None
20130311,None,2.210833333,3.265166667,3.8085,3.927833333,None,4.154333333,None,4.490166667,None
20130312,None,2.190333333,3.267666667,3.758,3.907333333,None,4.126666667,None,4.488333333,None
20130313,None,2.191833333,3.326833333,3.782333333,3.912,None,4.148,None,4.519166667,None
20130314,None,2.187666667,3.277666667,3.8045,3.917,None,4.173166667,None,4.543166667,None
20130315,None,2.161833333,3.249166667,3.7825,3.903666667,None,4.167,None,4.541166667,None
20130316,None,2.169666667,3.2555,3.7945,3.9155,None,4.177333333,None,4.543,None
20130317,None,2.172333333,3.306,3.806,3.932333333,None,4.195666667,None,4.552833333,None
20130318,None,2.163666667,3.295833333,3.805666667,3.929333333,None,4.191,None,4.543833333,None
20130319,None,2.152833333,3.277,3.803833333,3.933166667,None,4.195,None,4.549,None
20130320,None,2.142833333,3.262666667,3.794166667,3.940666667,None,4.202666667,None,4.558166667,None
20130321,None,2.142833333,3.268333333,3.798166667,3.942166667,None,4.199666667,None,4.5625,None
20130322,None,2.114333333,3.262333333,3.784833333,3.935833333,None,4.196333333,None,4.5715,None
20130323,None,2.095,3.1985,3.757,3.923666667,None,4.177,None,4.5585,None
20130324,None,2.078,3.201333333,3.725833333,3.915333333,None,4.1745,None,4.554333333,None
20130325,None,2.065333333,3.2158,3.728333333,3.9105,None,4.177833333,None,4.556333333,None
20130326,None,2.064666667,3.2105,3.7305,3.911333333,None,4.179,None,4.567166667,None
20130327,None,2.042833333,3.1995,3.716833333,3.900333333,None,4.182,None,4.5645,None
20130328,None,2.034333333,3.194,3.711166667,3.898,None,4.1825,None,4.572333333,None
20130329,None,2.030666667,3.194666667,3.727666667,3.906833333,None,4.180166667,None,4.571333333,None
20130330,None,2.062,3.203333333,3.781833333,3.943833333,None,4.202833333,None,4.582666667,None
20130331,None,2.021333333,3.183666667,3.739333333,3.917333333,None,4.176166667,None,4.545833333,None
20130401,None,None,3.192833333,3.7415,3.931833333,None,4.1795,None,4.539333333,None
20130402,None,2.012,3.198,3.749166667,3.947,None,4.1945,None,4.535666667,None
20130403,None,2.015166667,3.196,3.7485,3.959166667,None,4.212333333,None,4.549166667,None
20130404,None,1.988333333,3.176166667,3.715666667,3.926333333,None,4.181,None,4.522166667,None
20130405,None,1.9795,3.183,3.714166667,3.925833333,None,4.179166667,None,4.533166667,None
20130406,None,1.985666667,3.203,3.731,3.932833333,None,4.183166667,None,4.549666667,None
20130407,None,2.0155,3.1905,3.774333333,3.972333333,None,4.213666667,None,4.580666667,None
20130408,None,1.983333333,3.186666667,3.750333333,3.959333333,None,4.187,None,4.570666667,None
20130409,None,1.965666667,3.1665,3.717333333,3.932333333,None,4.16,None,4.5565,None
20130410,None,1.969833333,3.152166667,3.723166667,3.939666667,None,4.154166667,None,4.569666667,None
20130411,None,1.981333333,3.148166667,3.753666667,3.964333333,None,4.164666667,None,4.5955,None
20130412,None,2.004833333,3.1715,3.7525,3.9745,None,4.170333333,None,4.608666667,None
20130413,None,2.007166667,3.1835,3.774333333,3.991666667,None,4.186666667,None,4.62,None
20130414,None,1.962,3.176333333,3.737166667,3.947666667,None,4.1565,None,4.584333333,None
20130415,None,1.9775,3.142666667,3.774666667,3.988166667,None,4.210166667,None,4.635166667,None
20130416,None,1.9765,3.188,3.762833333,3.973166667,None,4.2035,None,4.626666667,None
20130417,None,1.953333333,3.175,3.744166667,3.968833333,None,4.200333333,None,4.606833333,None
20130418,None,1.883166667,3.108666667,3.686333333,3.946666667,None,4.184,None,4.593,None
20130419,None,1.696333333,3.001166667,3.6545,3.951666667,None,4.216166667,None,4.600833333,None
20130420,None,1.406166667,2.804166667,3.603,3.870333333,None,4.193,None,4.572166667,None
20130421,None,1.015833333,2.647,3.501333333,3.723333333,None,4.141,None,4.5105,None
20130422,None,0.896833333,2.475333333,3.3985,3.7965,None,4.1235,None,4.498833333,None
20130423,None,1.085833333,2.515,3.422166667,3.843166667,None,4.173,None,4.544,None
20130424,None,1.170166667,2.504333333,3.424333333,3.825166667,None,4.156666667,None,4.5245,None
20130425,None,1.369833333,2.518333333,3.394166667,3.8065,None,4.163333333,None,4.518666667,None
20130426,None,1.486833333,2.496833333,3.359666667,3.7865,None,4.1575,None,4.506833333,None
20130427,None,1.7265,2.508166667,3.391166667,3.795333333,None,4.164833333,None,4.538166667,None
20130428,None,1.965333333,2.531333333,3.381666667,3.784333333,None,4.153833333,None,4.510333333,None
20130429,None,2.217666667,2.569666667,3.401833333,3.833166667,None,4.194166667,None,4.511,None
20130430,None,2.292666667,2.642,3.388166667,3.832166667,None,4.181666667,None,4.509833333,None
20130501,None,2.440666667,2.671666667,3.388,3.808833333,None,4.195666667,None,4.508333333,None
20130502,None,2.6495,2.752166667,3.398833333,3.7955,None,4.209166667,None,4.5135,None
20130503,None,2.8245,2.817333333,3.414,3.773666667,None,4.1975,None,4.4915,None
20130504,None,3.041166667,3.037,3.472833333,3.835666667,None,4.240833333,None,4.556166667,None
20130505,None,3.1005,3.107333333,3.445,3.8235,None,4.247166667,None,4.559833333,None
20130506,None,3.19,3.135833333,3.383666667,3.774666667,None,4.154166667,None,4.488,None
20130507,None,3.4895,3.317333333,3.360166667,3.781166667,None,4.144833333,None,4.477166667,None
20130508,None,4.033833333,3.468333333,3.397333333,3.730166667,None,4.099333333,None,4.419,None
20130509,None,4.356666667,3.796833333,3.4925,3.75,None,4.127,None,4.463333333,None
20130510,None,4.243833333,3.931,3.628166667,3.753166667,None,4.169833333,None,4.4595,None
20130511,None,3.936666667,4.0235,3.889833333,3.834666667,None,4.12,None,4.500833333,None
20130512,None,4.103666667,4.127833333,4.069333333,4.073833333,None,4.1135,None,4.362166667,None
20130513,None,4.567666667,4.578833333,4.522333333,4.510833333,None,4.441333333,None,4.327666667,None
20130514,None,4.677,4.681166667,4.679666667,4.678333333,None,4.648666667,None,4.593166667,None
20130515,None,4.829166667,4.785,4.684333333,4.643,None,4.4985,None,4.285333333,None
20130516,None,5.0595,5.029666667,4.992833333,4.967166667,None,4.848,None,4.6975,None
20130517,None,5.168,5.1395,5.097,5.094333333,None,5.070166667,None,5.019166667,None
20130518,None,5.481,5.3125,5.115333333,5.048666667,None,4.947833333,None,4.873,None
20130519,None,6.130333333,5.6405,5.072833333,4.977833333,None,4.883,None,4.824833333,None
20130520,None,7.707166667,6.143,5.218833333,5.034666667,None,4.850333333,None,4.790666667,None
20130521,None,9.788333333,6.399,5.411166667,5.077,None,4.933833333,None,4.862833333,None
20130522,None,10.96333333,6.4505,5.320833333,5.0375,None,4.910166667,None,4.856333333,None
20130523,None,11.195,7.355,5.525333333,5.137166667,None,4.9755,None,4.908833333,None
20130524,None,8.975,8.138,5.809833333,5.218833333,None,4.994833333,None,4.9295,None
20130525,None,8.968333333,8.097333333,6.020333333,5.133666667,None,4.928166667,None,4.845833333,None
20130526,None,8.771666667,7.523333333,6.076333333,5.099333333,None,4.861166667,None,4.789,None
20130527,None,9.755,7.534833333,5.8805,5.0535,None,4.842333333,None,4.768833333,None
20130528,None,10.92333333,7.836,6.325166667,5.293333333,None,4.952833333,None,4.869166667,None
20130529,None,12.44833333,7.932166667,6.206333333,5.264666667,None,4.919,None,4.833666667,None
20130530,None,11.335,8.641333333,6.279833333,5.391333333,None,4.8895,None,4.813,None
20130531,None,12.445,8.716,6.089,5.315833333,None,4.892333333,None,4.805833333,None
20130601,None,12.61666667,8.37,6.084333333,5.214,None,4.872333333,None,4.800166667,None
20130602,None,14.18666667,8.833333333,6.016166667,5.203666667,None,4.8805,None,4.801,None
20130603,None,14.66333333,9.355,6.501,5.404333333,None,4.928166667,None,4.8345,None
20130604,None,14.02333333,9.806666667,6.381166667,5.315166667,None,4.8628,None,4.800666667,None
20130605,None,13.71,10.09,6.272833333,5.324333333,None,4.9285,None,4.853666667,None
20130606,None,13.42166667,10.52666667,6.776833333,5.479166667,None,4.946166667,None,4.861,None
20130607,None,13.82333333,11.33833333,6.527,5.348166667,None,4.906,None,4.8375,None
20130608,None,14.22166667,11.20333333,6.889833333,5.420333333,None,4.876333333,None,4.791,None
20130609,None,14.35666667,11.78833333,6.695666667,5.411166667,None,4.911,None,4.8315,None
20130610,None,14.595,11.61833333,6.561666667,5.366166667,None,4.9096,None,None,None
20130611,None,14.26722222,11.78777778,6.7405,5.396333333,None,4.864944444,None,4.799111111,None
20130612,None,15.70416667,11.68333333,6.785291667,5.409666667,None,4.851333333,None,4.772583333,None
20130613,None,15.855,11.77871795,6.900025,5.4991,None,4.96745,None,4.885125,None
20130614,None,14.83083333,12.02333333,7.034458333,5.549375,None,4.971106383,None,4.8865625,None
20130615,None,14.935625,13.668125,7.1900625,5.552083333,None,4.918229167,None,4.8165625,None
20130616,None,14.85729167,13.40041667,7.466458333,5.594645833,None,4.930375,None,4.834625,None
20130617,None,15.248125,13.73765957,7.648765957,5.66993617,None,4.947340426,None,None,None
20130618,None,None,13.59958333,7.637104167,5.589270833,None,4.862510638,None,None,None
20130619,None,16.52708333,13.545625,7.681708333,5.672895833,None,4.898354167,None,4.8104375,None
20130620,None,17.71520833,13.58270833,7.76475,5.691958333,None,4.933708333,None,4.81875,None
20130621,None,18.03708333,14.10645833,7.680895833,5.660625,None,4.876489362,None,4.786458333,None
20130622,None,18.41520833,14.22541667,7.8544375,5.7719375,None,4.9760625,None,4.874395833,None
20130623,None,17.0125,14.41145833,9.064729167,6.082787234,None,5.009042553,None,4.866875,None
20130624,None,15.96104167,15.178125,9.468541667,6.149276596,None,5.051,None,4.923416667,None
20130625,None,15.221875,13.66166667,9.928297872,6.279895833,None,5.058234043,None,None,None
20130626,None,15.213125,13.40125,9.582958333,6.142895833,None,4.977895833,None,4.8735625,None
20130627,None,15.26520833,13.36020833,9.374893617,6.215395833,None,5.075702128,None,4.928833333,None
20130628,None,13.87270833,12.90416667,9.88375,6.339148936,None,5.082270833,None,4.9140625,None
20130629,None,None,13.07666667,9.73375,6.381625,None,5.053270833,None,4.873458333,None
20130630,None,13.385625,13.14479167,9.868085106,6.304958333,None,5.092229167,None,4.9225625,None
20130701,None,13.188125,12.440625,10.1025,6.370375,None,5.0495625,None,4.880708333,None
20130702,None,13.884375,12.53,9.84875,6.391958333,None,5.048270833,None,4.864791667,None
20130703,None,13.998125,13.206875,9.576875,6.3563125,None,5.0526875,None,4.8943125,None
20130704,None,14.325625,13.16770833,9.50875,6.290708333,None,5.061729167,None,4.901020833,None
20130705,None,14.23520833,13.44041667,9.454166667,6.349208333,None,5.0806875,None,4.915666667,None
20130706,None,15.14270833,14.295625,9.5334375,6.391229167,None,5.001958333,None,4.817125,None
20130707,None,15.965,14.03625,9.398395833,6.282479167,None,4.992395833,None,4.846645833,None
20130708,None,18.17270833,14.15104167,9.434166667,6.354729167,None,4.972270833,None,4.8049375,None
20130709,None,16.86416667,14.28520833,9.385083333,6.305604167,None,5.006333333,None,4.872270833,None
20130710,None,None,14.85333333,9.496166667,6.4278125,None,5.0558125,None,4.8841875,None
20130711,None,16.6175,18.06604167,9.419166667,6.430083333,None,5.053541667,None,4.874916667,None
20130712,None,17.07479167,16.046875,9.412708333,6.360020833,None,5.014645833,None,4.869520833,None
20130713,None,18.18520833,16.2825,9.437083333,6.346166667,None,4.996708333,None,4.856354167,None
20130714,None,19.68375,16.06083333,9.587291667,6.452041667,None,5.043291667,None,4.8624375,None
20130715,None,18.31375,16.24125,9.550416667,6.478229167,None,5.093625,None,None,None
20130716,None,17.388125,17.27166667,9.59375,6.486,None,5.078914894,None,4.882041667,None
20130717,None,16.57729167,16.70333333,9.555531915,6.528851064,None,5.118,None,4.988479167,None
20130718,None,16.95083333,16.51166667,9.526666667,6.495145833,None,5.060893617,None,4.903541667,None
20130719,None,17.07104167,16.82791667,9.688333333,6.5675,None,5.105770833,None,None,None
20130720,None,None,16.856875,9.638958333,6.485583333,None,5.056478261,None,None,None
20130721,None,17.93125,16.97020833,9.646041667,6.5359375,None,5.014958333,None,4.805208333,None
20130722,None,None,17.10708333,9.733191489,6.4846875,None,5.012,None,4.8035625,None
20130723,None,19.93916667,15.9525,9.7525,6.545104167,None,5.063125,None,4.865125,None
20130724,None,20.63708333,15.54229167,9.763404255,6.631645833,None,5.071229167,None,4.873708333,None
20130725,None,20.72208333,17.88956522,9.825625,6.603,None,5.088729167,None,4.883166667,None
20130726,None,21.060625,19.25354167,9.771875,6.6506875,None,5.087333333,None,None,None
20130727,None,21.45895833,19.830625,9.924583333,6.701979167,None,5.097041667,None,4.874770833,None
20130728,None,22.11583333,19.7425,10.02020833,6.776458333,None,5.148541667,None,None,None
20130729,None,21.50645833,19.26229167,10.0675,6.787895833,None,5.183104167,None,4.960291667,None
20130730,None,20.5375,None,10.118125,6.804770833,None,5.1561875,None,None,None
20130731,None,19.96166667,None,10.14659574,6.907083333,None,5.240208333,None,4.987208333,None
20130801,None,19.27666667,None,10.28041667,6.964791667,None,5.208916667,None,4.9265625,None
20130802,None,18.686875,None,10.17979167,6.923270833,None,5.182,None,None,None
20130803,None,19.510625,None,10.34104167,6.939770833,None,5.195208333,None,4.9454375,None
20130804,None,19.284375,None,10.41416667,7.068875,None,5.274354167,None,None,None
20130805,None,18.56083333,None,10.52708333,7.174166667,None,5.272,None,4.967854167,None
20130806,None,18.27395833,None,10.62104167,7.208708333,None,5.295520833,None,4.987770833,None
20130807,None,17.56395833,None,10.88541667,7.310541667,None,5.3484375,None,5.039020833,None
20130808,None,17.19645833,None,11.38083333,7.424458333,None,5.3058125,None,4.9803125,None
20130809,None,17.34916667,None,11.843125,7.6915,None,5.420729167,None,5.075166667,None
20130810,None,16.88020833,None,12.15104167,7.750645833,None,5.376229167,None,5.047416667,None
20130811,None,16.98333333,None,11.97541667,7.794145833,None,5.396625,None,5.084645833,None
20130812,None,16.75083333,None,12.04708333,7.7863125,None,5.449520833,None,5.1683125,None
20130813,None,16.318125,None,11.92020833,7.807170213,None,5.4451875,None,None,None
20130814,None,15.713125,None,11.9025,7.820625,None,5.482333333,None,5.113020833,None
20130815,None,14.9975,None,11.91106383,7.816808511,None,5.446680851,None,5.055854167,None
20130816,None,15.96479167,None,11.90979167,7.744666667,None,5.431875,None,5.0410625,None
20130817,None,15.836875,None,12.006875,7.9358125,None,5.530041667,None,5.124145833,None
20130818,None,15.63541667,None,12.29145833,8.018723404,None,5.479145833,None,5.060458333,None
20130819,None,15.21770833,None,12.646875,8.192489362,None,5.5928125,None,5.1635625,None
20130820,None,14.69333333,None,12.69520833,8.2404375,None,5.57125,None,None,None
20130821,None,14.67458333,None,12.62229167,8.304869565,None,5.579833333,None,5.1215625,None
20130822,None,14.62520833,None,12.56041667,8.235702128,None,5.60325,None,5.162333333,None
20130823,None,14.475,None,12.35875,8.180083333,None,5.577895833,None,5.162083333,None
20130824,None,15.20520833,None,12.205,8.1515,None,5.577625,None,5.148375,None
20130825,None,15.99479167,None,11.99041667,8.083255319,None,5.5596875,None,5.1525,None
20130826,None,16.4475,None,11.89583333,8.116191489,None,5.563541667,None,5.169833333,None
20130827,None,16.26058824,None,11.94529412,8.156529412,None,5.710352941,None,5.278823529,None
20130828,None,16.74333333,14.77962963,11.97666667,8.193777778,None,5.582444444,None,5.164555556,None
20130829,None,16.58,15.110625,11.93166667,8.246854167,None,5.658375,None,5.227333333,None
20130830,None,16.22041667,15.03958333,12.005625,8.278916667,None,5.682583333,None,5.278916667,None
20130831,None,15.845,14.90375,11.89375,8.321595745,None,5.687625,None,5.2941875,None
20130901,None,15.800625,15.27395833,11.95638298,8.368489362,None,5.6990625,None,5.284479167,None
20130902,None,14.64104167,14.30833333,12.159375,8.366666667,None,5.734375,None,5.336041667,None
20130903,None,14.17041667,13.716875,12.364375,8.356729167,None,5.694125,None,5.290333333,None
20130904,None,14.16520833,13.62125,12.30229167,8.281958333,None,5.694416667,None,5.293020833,None
20130905,None,14.855625,13.704375,12.26958333,8.314404255,None,5.725020833,None,5.3058125,None
20130906,None,15.35479167,13.95229167,12.21479167,8.4221875,None,5.7753125,None,5.354020833,None
20130907,None,14.98583333,14.56645833,12.18666667,8.4909375,None,5.833333333,None,5.3988125,None
20130908,None,14.67020833,14.250625,12.15145833,8.473395833,None,5.80625,None,5.37125,None
20130909,None,15.095625,14.27583333,12.10148936,8.471468085,None,5.802404255,None,5.360604167,None
20130910,None,15.27791667,14.48770833,12.05958333,8.521625,None,5.826208333,None,5.375333333,None
20130911,None,14.97833333,14.48,12.11145833,8.530416667,None,5.834574468,None,5.416166667,None
20130912,None,14.82541667,14.36395833,12.10770833,8.570914894,None,5.833270833,None,5.420958333,None
20130913,None,14.578125,14.271875,12.04791667,8.591083333,None,5.846382979,None,5.425895833,None
20130914,None,14.55854167,13.99645833,12.20145833,8.553541667,None,5.866208333,None,5.434791667,None
20130915,None,14.25541667,13.90333333,12.251875,8.681083333,None,5.939893617,None,5.493708333,None
20130916,None,13.491875,13.43583333,12.189375,8.9498125,None,5.951291667,None,5.497666667,None
20130917,None,12.0375,11.9725,11.81333333,10.32770833,None,6.073229167,None,5.550583333,None
20130918,None,10.84833333,10.78333333,10.683125,10.23270833,None,6.223,None,5.577458333,None
20130919,None,10.18583333,10.10916667,9.809375,9.443958333,None,6.755791667,None,5.604895833,None
20130920,None,10.19041667,10.050625,9.650833333,9.304375,None,6.555145833,None,5.575375,None
20130921,None,9.812708333,9.593958333,9.419565217,9.17125,None,6.433021277,None,None,None
20130922,None,9.697083333,9.503125,9.295208333,9.084583333,None,6.474020833,None,5.596479167,None
20130923,None,9.843125,9.513541667,9.279791667,9.036041667,None,6.433604167,None,5.622083333,None
20130924,None,9.801666667,9.695,9.411875,9.062291667,None,6.493583333,None,5.649666667,None
20130925,None,9.535416667,9.401041667,9.219166667,9.024347826,None,6.473625,None,5.654854167,None
20130926,None,None,9.088913043,9.034782609,8.891111111,None,6.520625,None,5.6795625,None
20130927,None,8.896875,8.824166667,8.799791667,8.682708333,None,6.466416667,None,5.686895833,None
20130928,None,8.410625,8.249361702,8.1419375,8.026708333,None,6.701041667,None,5.68525,None
20130929,None,None,7.882791667,7.83025,7.777229167,None,6.841583333,None,5.758145833,None
20130930,None,7.8310625,7.802708333,7.748166667,7.6569375,None,6.905791667,None,5.739541667,None
20131001,None,7.656625,7.5431875,7.5086875,7.4468125,None,6.979895833,None,5.767354167,None
20131002,None,7.404083333,7.323708333,7.230291667,7.155854167,None,6.825916667,None,None,None
20131003,None,7.207625,7.150729167,7.113958333,7.038833333,None,6.7813125,None,None,None
20131004,None,6.97825,6.964489362,6.922042553,6.897541667,None,6.7469375,None,6.246708333,None
20131005,None,6.8571875,6.843604167,6.85175,6.846666667,None,6.765,None,6.3570625,None
20131006,None,7.011208333,6.872,6.786,6.746791667,None,6.6955625,None,6.394791667,None
20131007,None,6.860166667,6.757916667,6.672791667,6.629125,None,6.574041667,None,6.435229167,None
20131008,None,7.045416667,6.8925625,6.689916667,6.608020833,None,6.5406875,None,6.478645833,None
20131009,None,None,7.262125,6.8134375,6.640645833,None,6.55425,None,6.490666667,None
20131010,None,None,7.780893617,7.193833333,6.758729167,None,6.552458333,None,None,None
20131011,None,7.3861875,7.367854167,7.310208333,7.197416667,None,6.897979167,None,6.684020833,None
20131012,None,6.80425,6.6665625,6.639166667,6.60825,None,6.520854167,None,6.430583333,None
20131013,None,6.507479167,6.428479167,6.362595745,6.335020833,None,6.290166667,None,6.2324375,None
20131014,None,6.3258125,6.259604167,6.1838125,6.163166667,None,6.117195652,None,6.0588125,None
20131015,None,6.161833333,6.100520833,6.057375,6.039145833,None,6.009020833,None,5.95475,None
20131016,None,6.228958333,6.134895833,6.0763125,6.028255319,None,5.963416667,None,5.9216875,None
20131017,None,None,5.969666667,5.9675,5.951375,None,5.928229167,None,5.883791667,None
20131018,None,5.84475,5.821583333,5.8334375,5.8313125,None,5.825104167,None,5.8045625,None
20131019,None,5.497791667,5.444666667,5.452041667,5.4171875,None,5.352645833,None,5.271541667,None
20131020,None,4.9864375,4.946489362,4.98375,4.959645833,None,4.859020833,None,4.709979167,None
20131021,None,4.515083333,4.475458333,4.503520833,4.497270833,None,4.457791667,None,4.364854167,None
20131022,None,4.206375,4.193354167,4.21925,4.21225,None,4.191666667,None,4.139458333,None
20131023,None,3.661958333,3.911416667,3.957217391,3.96875,None,3.9911875,None,None,None
20131024,None,3.974604167,4.0124375,3.980666667,3.985083333,None,3.990916667,None,None,None
20131025,None,4.418979167,4.438625,4.406791667,4.400833333,None,4.3975,None,4.388083333,None
20131026,None,4.272479167,4.2756875,4.265541667,4.260395833,None,4.254208333,None,4.245229167,None
20131027,None,4.244354167,4.235770833,4.237208333,4.233645833,None,4.229208333,None,4.2175,None
20131028,None,4.266583333,4.274125,4.25525,4.250083333,None,4.2395,None,4.223041667,None
20131029,None,4.323479167,4.336333333,4.338104167,4.335395833,None,4.327125,None,4.3201875,None
20131030,None,4.346104167,4.328666667,4.314125,4.291958333,None,4.266895833,None,4.2345625,None
20131031,None,4.217375,4.192166667,4.198276596,4.192468085,None,4.195916667,None,4.167979167,None
20131101,None,3.985854167,3.9790625,4.0075625,4.015020833,None,4.01623913,None,None,None
20131102,None,3.722666667,3.731854167,3.775979167,3.810416667,None,3.846531915,None,None,None
20131103,None,3.410729167,3.4743125,3.561291667,3.606125,None,3.6904375,None,3.758666667,None
20131104,None,3.090125,3.082395833,3.153708333,3.245645833,None,3.333166667,None,3.512625,None
20131105,None,3.082583333,3.099083333,3.113645833,3.117395833,None,3.1274375,None,3.146083333,None
20131106,None,2.9768125,3.050541667,3.102645833,3.122604167,None,3.1709375,None,3.2313125,None
20131107,None,2.941958333,2.955041667,3.08625,3.1308125,None,3.199770833,None,3.290708333,None
20131108,None,None,3.0409375,3.1439375,3.1809375,None,3.239875,None,3.3533125,None
20131109,None,3.052270833,3.091229167,3.165416667,3.207979167,None,3.292895833,None,3.421375,None
20131110,None,3.0973125,3.115104167,3.18925,3.233395833,None,3.324583333,None,3.4671875,None
20131111,None,3.108895833,3.126354167,3.222791667,3.262291667,None,3.350729167,None,3.493895833,None
20131112,None,3.118458333,3.126291667,3.238270833,3.286166667,None,3.382395833,None,3.546166667,None
20131113,None,3.131958333,3.193916667,3.257020833,3.304395833,None,3.404395833,None,3.576270833,None
20131114,None,3.159020833,3.215708333,3.277458333,3.323583333,None,3.422708333,None,3.611,None
20131115,None,3.19175,3.232458333,3.294020833,3.343375,None,3.439125,None,3.624166667,None
20131116,None,3.194083333,3.2381875,3.3108125,3.366729167,None,3.468791667,None,3.647479167,None
20131117,None,None,3.3095,3.333125,3.3801875,None,3.479255319,None,3.677375,None
20131118,None,3.196875,3.2759375,3.3518125,3.397234043,None,3.4963125,None,3.69475,None
20131119,None,3.231895833,3.285291667,3.360229167,3.409708333,None,3.515083333,None,3.703604167,None
20131120,None,3.238645833,3.272979167,3.371895833,3.41875,None,3.526395833,None,3.720916667,None
20131121,None,3.2615625,3.243166667,3.382916667,3.427458333,None,3.530145833,None,3.734375,None
20131122,None,3.277270833,3.2409375,3.390520833,3.4360625,None,3.551916667,None,3.738729167,None
20131123,None,3.2901875,3.275191489,3.403021277,3.454361702,None,3.560083333,None,3.748,None
20131124,None,3.308520833,3.307354167,3.420708333,3.4716875,None,3.582319149,None,None,None
20131125,None,3.3188125,3.321645833,3.443770833,3.491229167,None,3.599083333,None,3.801916667,None
20131126,None,3.336833333,3.323291667,3.460083333,3.521,None,3.625291667,None,3.830166667,None
20131127,None,3.367833333,3.36425,3.471916667,3.528083333,None,3.627083333,None,3.834333333,None
20131128,None,3.369333333,3.436916667,3.4845,3.531583333,None,3.63125,None,3.833166667,None
20131129,None,3.38275,3.429,3.50025,3.53725,None,3.63475,None,3.849583333,None
20131130,None,3.386,3.423833333,3.529909091,3.564272727,None,3.636,None,3.853,None
20131201,None,3.378916667,3.413583333,3.51925,3.566083333,None,3.656583333,None,3.829583333,None
20131202,None,3.384666667,3.465666667,3.53275,3.570416667,None,3.643083333,None,3.850083333,None
20131203,None,3.366833333,3.442916667,3.541166667,3.563916667,None,3.6595,None,3.881666667,None
20131204,None,3.363916667,3.4765,3.54475,3.5725,None,3.652916667,None,3.8735,None
20131205,None,3.34125,3.4345,3.544833333,3.584,None,3.6725,None,3.896666667,None
20131206,None,3.333416667,3.462083333,3.557666667,3.581166667,None,3.667166667,None,3.872166667,None
20131207,None,3.326416667,3.444083333,3.563583333,3.604333333,None,3.685333333,None,3.9035,None
20131208,None,3.282833333,3.4225,3.577083333,3.603416667,None,3.693166667,None,3.914666667,None
20131209,None,3.2635,3.420333333,3.574333333,3.607833333,None,3.690916667,None,3.899,None
20131210,None,3.227083333,3.44225,3.564833333,3.610333333,None,3.69725,None,3.9195,None
20131211,None,3.184,3.451916667,3.577416667,3.60225,None,3.691916667,None,3.916916667,None
20131212,None,3.164333333,3.465,3.574833333,3.612416667,None,3.7035,None,3.932083333,None
20131213,None,3.131916667,3.488166667,3.567833333,3.613583333,None,3.715833333,None,3.949083333,None
20131214,None,3.094083333,3.45,3.582583333,3.61875,None,3.716416667,None,3.962666667,None
20131215,None,3.059,3.488,3.586166667,3.619833333,None,3.705916667,None,3.96425,None
20131216,None,3.0145,3.470333333,3.585,3.620833333,None,3.720333333,None,3.972416667,None
20131217,None,2.995666667,3.517083333,3.589166667,3.62825,None,3.731416667,None,3.976916667,None
20131218,None,2.96,3.487416667,3.6155,3.652666667,None,3.744416667,None,3.987833333,None
20131219,None,2.92475,3.47225,3.591916667,3.635090909,None,3.739333333,None,3.9915,None
20131220,None,2.89175,3.521666667,3.603416667,3.63625,None,3.733833333,None,3.987833333,None
20131221,None,2.856166667,3.497666667,3.618833333,3.654333333,None,3.750333333,None,3.9875,None
20131222,None,2.824666667,3.515,3.605666667,3.655416667,None,3.745666667,None,3.99475,None
20131223,None,2.789166667,3.5315,3.610333333,3.648833333,None,3.75075,None,3.996083333,None
20131224,None,2.694916667,3.497333333,3.61925,3.661166667,None,3.75725,None,4.002166667,None
20131225,None,2.616,3.524416667,3.613416667,3.65175,None,3.753583333,None,None,None
20131226,None,2.313083333,3.495,3.624583333,3.66075,None,3.76325,None,4.0125,None
20131227,None,2.14625,3.484666667,3.627833333,3.668833333,None,3.772916667,None,4.008416667,None
20131228,None,2.215333333,3.49775,3.621,3.673083333,None,3.768333333,None,4.016083333,None
20131229,None,2.26875,3.50725,3.618333333,3.670333333,None,3.7815,None,None,None
20131230,None,2.27575,3.478,3.620583333,3.67175,None,3.793666667,None,4.042666667,None
20131231,None,2.307916667,3.467083333,3.630916667,3.690083333,None,3.809666667,None,4.03525,None
20140101,None,None,3.482272727,3.625090909,3.67925,None,3.7915,None,4.039916667,None
20140102,None,2.147416667,3.462166667,3.623666667,3.677833333,None,3.7995,None,4.0615,None
20140103,None,2.087583333,3.469333333,3.627333333,3.680083333,None,3.804666667,None,4.065583333,None
20140104,None,2.11975,3.460833333,3.621666667,3.673,None,3.81225,None,4.064916667,None
20140105,None,1.8885,3.44225,3.620833333,3.670166667,None,3.8025,None,4.052,None
20140106,None,1.63275,3.44225,3.62875,3.67725,None,3.802416667,None,4.060083333,None
20140107,None,1.657666667,3.424416667,3.619583333,3.672916667,None,3.81325,None,4.06425,None
20140108,None,1.698166667,3.438083333,3.616,3.6865,None,3.809666667,None,4.081333333,None
20140109,None,1.463,3.403416667,3.621833333,3.684666667,None,3.794916667,None,4.08225,None
20140110,None,1.429916667,3.354166667,3.624083333,3.694,None,3.813666667,None,4.091416667,None
20140111,None,1.573083333,3.341,3.63175,3.69575,None,3.826166667,None,4.109416667,None
20140112,None,1.702333333,3.357,3.630833333,3.687,None,3.811666667,None,4.1075,None
20140113,None,1.788166667,3.3065,3.636,3.689416667,None,3.799833333,None,4.116,None
20140114,None,1.861583333,3.275166667,3.634,3.699,None,3.81875,None,4.1425,None
20140115,None,1.924083333,3.318,3.63825,3.698833333,None,3.816416667,None,4.148416667,None
20140116,None,1.969916667,3.33925,3.6405,3.700333333,None,3.818,None,4.149416667,None
20140117,None,None,3.36175,3.640416667,3.701083333,None,3.822833333,None,4.148916667,None
20140118,None,2.020583333,3.352416667,3.64025,3.69525,None,3.822583333,None,4.145833333,None
20140119,None,2.05025,3.347666667,3.646916667,3.704666667,None,3.83575,None,4.151083333,None
20140120,None,2.068666667,3.35125,3.646916667,3.718833333,None,3.8385,None,4.151083333,None
20140121,None,2.07725,3.349833333,3.65175,3.7175,None,3.83775,None,4.148416667,None
20140122,None,2.085333333,3.324666667,3.65125,3.716916667,None,3.8395,None,4.15725,None
20140123,None,2.091333333,3.317416667,3.656,3.723,None,3.836333333,None,4.15975,None
20140124,None,2.093,3.319416667,3.654416667,3.720083333,None,3.848166667,None,4.1625,None
20140125,None,2.093333333,3.312666667,3.64925,3.722,None,3.84875,None,4.165666667,None
20140126,None,2.091416667,3.32325,3.653333333,3.727416667,None,3.852583333,None,4.171083333,None
20140127,None,2.092833333,3.315333333,3.653833333,3.72575,None,3.85125,None,4.165083333,None
20140128,None,2.092416667,3.325,3.655,3.726166667,None,3.859333333,None,4.17625,None
20140129,None,2.090333333,3.340166667,3.65875,3.724916667,None,3.86025,None,4.177083333,None
20140130,None,2.084166667,3.321416667,3.657833333,3.721833333,None,3.855666667,None,4.173166667,None
20140131,None,2.076166667,3.302333333,3.657166667,3.727166667,None,3.863,None,4.17775,None
20140201,None,2.07125,3.299416667,3.6535,3.722666667,None,3.867333333,None,4.180416667,None
20140202,None,2.069583333,3.303333333,3.661,3.733083333,None,3.873833333,None,4.190083333,None
20140203,None,2.051333333,3.335833333,3.651333333,3.72825,None,3.876166667,None,4.192916667,None
20140204,None,2.0495,3.337916667,3.654916667,3.727333333,None,3.874166667,None,4.186333333,None
20140205,None,2.039,3.32475,3.658,3.73125,None,3.88225,None,4.187583333,None
20140206,None,2.033666667,3.308333333,3.654416667,3.73625,None,3.882166667,None,4.184583333,None
20140207,None,2.030333333,3.308333333,3.655916667,3.739916667,None,3.88725,None,4.188166667,None
20140208,None,2.012083333,3.313,3.6535,3.738166667,None,3.891166667,None,4.184333333,None
20140209,None,1.996416667,3.28475,3.643,3.726416667,None,3.885,None,4.181,None
20140210,None,None,3.313666667,3.654083333,3.739583333,None,3.896166667,None,4.190583333,None
20140211,None,2.006,3.319583333,3.655,3.73975,None,3.89,None,4.193666667,None
20140212,None,2.00975,3.29525,3.661083333,3.745916667,None,3.894666667,None,4.20425,None
20140213,None,2.052583333,3.317083333,3.654583333,3.741333333,None,3.891666667,None,4.198083333,None
20140214,None,2.09725,3.327333333,3.662666667,3.751083333,None,3.914083333,None,4.208,None
20140215,None,2.133666667,3.348583333,3.665,3.7525,None,3.92825,None,4.218583333,None
20140216,None,2.16,3.352833333,3.673166667,3.761583333,None,3.9395,None,4.2245,None
20140217,None,2.174666667,3.365333333,3.672916667,3.761916667,None,3.949666667,None,4.235083333,None
20140218,None,2.161333333,3.322583333,3.688666667,3.772083333,None,3.957083333,None,4.243166667,None
20140219,None,2.156916667,3.24975,3.6955,3.770833333,None,3.954,None,4.238166667,None
20140220,None,2.171833333,3.314333333,3.682666667,3.776083333,None,3.9705,None,4.253833333,None
20140221,None,2.17,3.330833333,3.689083333,3.778083333,None,3.97225,None,4.259916667,None
20140222,None,2.166916667,3.344333333,3.687166667,3.787583333,None,3.976916667,None,4.26625,None
20140223,None,2.164,3.36475,3.670333333,3.792583333,None,3.977666667,None,4.2615,None
20140224,None,2.16,3.379727273,3.681181818,3.799090909,None,3.992545455,None,4.2795,None
20140225,None,2.1175,3.390166667,3.669166667,3.777833333,None,3.981333333,None,4.267416667,None
20140226,None,2.021333333,3.346333333,3.673833333,3.7855,None,3.989,None,4.274916667,None
20140227,None,1.925333333,3.322416667,3.67075,3.778333333,None,3.988666667,None,4.271333333,None
20140228,None,1.858166667,3.311,3.674083333,3.776083333,None,3.99225,None,4.27325,None
20140301,None,1.816583333,3.293666667,3.681666667,3.777166667,None,3.992833333,None,4.28225,None
20140302,None,1.79575,3.292166667,3.6795,3.773416667,None,3.993333333,None,4.28775,None
20140303,None,1.78575,3.271583333,3.681833333,3.77875,None,3.989916667,None,4.291416667,None
20140304,None,1.789916667,3.284083333,3.687333333,3.792416667,None,3.995416667,None,4.309666667,None
20140305,None,1.780416667,3.285416667,3.6765,3.801166667,None,3.993083333,None,4.307416667,None
20140306,None,1.784583333,3.291833333,3.67,3.798,None,3.994416667,None,4.310166667,None
20140307,None,1.777416667,3.3015,3.661916667,3.80075,None,4.00425,None,4.307,None
20140308,None,1.721916667,3.262083333,3.658583333,3.802333333,None,4.010833333,None,4.298083333,None
20140309,None,1.549833333,3.233416667,3.6385,3.7815,None,4.01775,None,4.286583333,None
20140310,None,1.341833333,3.188666667,3.595916667,3.73325,None,3.985666667,None,4.246083333,None
