0.502,-131.977,-136.300
0.512,-69.074,-148.457
0.219,-29.343,-33.828
0.178,-54.899,-18.967
0.509,-38.637,-44.982
0.159,-40.720,-67.987
0.116,-32.490,-31.480
0.191,-32.788,-23.436
0.253,-31.848,-28.238
0.225,-38.675,-45.342
0.809,-128.392,-165.873
0.694,-59.851,-133.218
0.831,-86.362,-10.599
0.650,-53.598,-14.818
0.919,-109.159,-71.194
1.028,-102.019,-195.812
1.047,-73.565,-142.072
0.975,-125.755,-130.930
0.803,-69.562,-133.042
0.772,-132.741,-187.801
1.388,-143.205,-227.238
1.497,-148.319,-230.833
0.866,-74.497,-144.242
0.356,-38.690,-38.252
1.166,-100.852,-29.020
0.253,-38.025,-43.989
0.534,-25.915,-18.665
0.159,-26.093,-15.450
0.722,-27.726,-30.410
0.072,-20.686,-1.188
0.194,-20.686,-1.285
0.291,-83.111,-0.642
2.500,-96.090,-40.296
1.972,-67.734,-43.520
1.808,-29.299,-22.417
1.787,-28.339,-20.814
0.207,-89.936,-21.378
1.632,-93.937,-36.024
3.251,-18.242,-4.318
3.186,-42.267,-55.310
2.484,-119.499,-77.739
3.850,-59.187,-120.243
3.661,-130.369,-127.081
4.067,-52.845,-84.313
2.081,-99.448,-46.064
4.366,-28.482,-29.444
1.462,-35.826,-26.630
3.987,-96.497,-30.907
2.969,-41.989,-68.499
5.206,-27.702,-32.811
5.318,-84.228,-5.354
5.598,-27.652,-25.175
5.698,-98.501,-28.823
6.181,-135.323,-93.897
6.346,-78.097,-114.291
6.148,-57.244,-122.059
6.603,-96.228,-34.050
7.105,-95.725,-28.155
7.035,-63.400,-38.455
7.667,-121.460,-99.660
7.823,-58.857,-85.588
1.644,-27.593,-24.947
5.029,-87.234,-10.350
8.691,-35.956,-37.641
6.057,-27.945,-29.345
8.272,-74.714,-9.526
1.611,-72.423,-6.006
9.063,-34.059,-26.281
0.650,-20.915,-1.240
0.725,-29.634,6.167
9.942,-100.199,-47.745
7.500,-46.095,-43.131
8.111,-108.833,-40.032
11.632,-50.709,-71.112
12.060,-50.990,-76.878
9.491,-113.389,-102.536
12.002,-56.726,-79.980
12.141,-53.743,-111.900
12.141,-120.036,-151.488
10.009,-115.146,-74.049
8.565,-67.381,-35.920
5.177,-19.806,-4.956
5.781,-18.899,0.248
3.755,-77.796,5.148
14.201,-48.506,-47.580
13.634,-31.348,-23.739
10.676,-22.151,-10.040
2.299,-10.198,7.133
4.559,-17.829,2.013
13.808,-23.433,-11.725
13.183,-27.205,-24.533
3.988,-14.119,3.618
5.002,-84.424,-2.512
3.260,-93.721,-24.508
16.053,-34.452,-29.255
13.773,-105.593,-54.766
17.442,-101.969,-76.217
14.363,-34.106,-33.019
8.649,-35.815,-37.551
16.944,-115.770,-93.804
12.234,-53.499,-104.058
16.308,-37.226,-39.151
4.505,-30.034,-40.196
7.459,-37.743,-24.525
18.090,-97.825,-16.373
20.683,-30.461,-14.517
9.264,-24.577,-12.278
8.106,-21.966,-7.211
6.219,-19.688,-3.174
13.681,-11.247,2.491
21.042,-78.234,1.189
9.997,-19.655,-2.669
20.926,-98.357,-49.476
17.731,-107.077,-64.308
21.181,-45.605,-28.297
6.713,-80.646,-15.666
23.623,-16.367,-1.946
22.465,-8.318,2.529
13.576,2.293,17.903
10.979,14.191,20.042
13.345,-1.053,12.257
2.971,-8.073,32.851
19.826,-59.174,8.899
19.549,-7.706,2.475
17.500,-13.915,2.081
17.558,-51.251,3.892
17.488,-7.706,3.279
21.470,-63.110,0.291
16.562,-11.078,1.202
26.748,-78.298,1.547
24.294,-64.912,0.226
25.498,-83.850,-12.525
25.521,-92.512,-25.266
27.465,-10.174,-0.843
23.345,-76.092,2.349
21.655,5.924,12.647
2.539,-57.062,16.816
29.109,-72.992,2.314
25.185,8.737,10.151
70.536,28.123,26.818
76.641,18.597,16.730
31.580,-1.261,14.560
270.817,-8.005,-10.820
223.149,-20.394,-42.376
31.112,-70.537,8.777
140.350,-47.487,3.032
147.036,-2.321,5.797
235.904,0.637,4.240
269.607,-87.647,-34.618
142.635,-24.233,-30.447
230.939,-30.967,-43.543
224.572,-24.489,-24.521
108.211,-32.638,-50.200
43.918,-53.578,-117.891
261.855,-120.057,-122.775
267.914,-117.071,-86.083
167.147,-43.805,-90.490
34.298,-46.299,-59.253
126.271,-40.298,-65.954
41.654,-39.859,-49.272
152.612,-33.386,-39.502
271.060,-33.023,-56.171
31.230,-41.975,-122.249
37.258,-29.623,-28.040
152.752,-27.396,-28.126
227.998,-103.234,-98.135
285.049,-34.601,-64.198
68.837,-39.916,-46.956
65.399,-69.624,-35.114
105.452,-38.949,-52.157
108.022,-41.652,-62.730
200.273,-46.357,-80.621
176.425,-61.340,-70.800
232.787,-67.098,-87.826
164.541,-119.966,-114.223
301.867,-120.707,-180.779
299.121,-118.898,-176.842
273.127,-46.387,-100.285
244.862,-49.638,-92.650
119.393,-49.303,-85.280
48.764,-56.389,-96.294
87.144,-52.779,-110.593
80.774,-56.145,-74.661
101.857,-53.021,-103.568
250.921,-46.810,-96.014
44.744,-49.561,-127.758
51.967,-37.835,-58.411
25.944,-38.582,-79.842
43.701,-36.326,-59.957
128.343,-34.096,-58.986
38.978,-35.881,-40.274
30.633,-48.393,-32.973
96.829,-108.571,-101.547
278.747,-46.725,-62.766
72.560,-39.276,-80.375
129.726,-30.376,-45.408
194.577,-38.351,-89.986
240.585,-81.738,-200.526
276.592,-52.298,-201.683
270.994,-50.057,-137.711
254.770,-58.187,-88.816
224.141,-41.167,-113.521
32.265,-43.168,-52.180
72.224,-99.739,-82.085
243.910,-105.527,-92.082
230.430,-38.346,-86.020
122.233,-31.920,-42.148
89.902,-36.988,-49.807
157.821,-73.128,-101.543
207.318,-48.839,-185.586
78.651,-46.773,-106.725
124.049,-98.446,-89.402
245.451,-54.313,-119.451
43.193,-114.419,-127.662
234.027,-125.447,-190.941
214.762,-117.430,-108.526
176.254,-49.348,-131.424
178.807,-78.061,-101.934
125.376,-46.485,-70.819
214.590,-108.486,-56.507
104.244,-39.753,-74.161
157.675,-36.508,-57.010
140.356,-36.233,-89.170
78.036,-40.826,-94.667
182.739,-113.645,-148.004
219.124,-43.331,-119.955
24.892,-45.151,-131.839
21.804,-21.848,-9.788
27.187,-24.932,-21.823
42.942,-28.211,-23.054
87.398,-69.830,-40.167
169.531,-114.419,-131.072
194.479,-44.063,-93.528
159.500,-62.538,-102.915
180.141,-56.212,-75.202
188.629,-99.050,-58.565
180.935,-35.669,-48.173
46.032,-42.620,-63.244
83.228,-40.804,-52.256
24.174,-53.091,-95.010
12.705,-50.719,-84.726
66.875,-46.497,-83.719
120.886,-45.794,-86.730
16.607,-43.637,-68.114
136.451,-118.095,-209.727
113.940,-46.448,-78.208
116.572,-30.544,-33.808
77.560,-30.501,-26.554
28.937,-31.935,-31.593
24.386,-25.270,-12.525
47.051,-34.186,-35.376
75.252,-95.906,-40.826
72.853,-39.221,-54.808
37.278,-16.374,1.281
40.893,-22.159,-13.527
25.524,-35.433,-60.815
77.395,-32.438,-66.374
105.543,-39.637,-106.726
36.772,-46.855,-100.967
46.092,-48.314,-86.414
9.866,-39.499,-55.463
19.936,-34.230,-29.314
42.566,-29.218,-21.089
36.693,-23.890,-8.324
42.592,-26.970,-7.330
27.608,-27.578,-11.988
20.497,-23.156,-14.912
21.547,-14.354,2.653
22.856,-28.486,-33.519
70.866,-39.237,-55.585
39.275,-37.965,-58.220
51.393,-41.735,-72.421
25.953,-41.477,-63.984
23.889,-40.789,-44.443
18.426,-40.818,-35.703
20.661,-38.363,-32.017
62.091,-104.833,-59.266
42.211,-32.984,-35.025
22.725,-29.985,-19.783
39.204,-114.388,-82.106
56.422,-52.109,-102.841
30.386,-32.676,-38.871
57.624,-93.389,-129.301
61.635,-129.920,-194.467
38.795,-63.134,-103.358
13.278,-50.200,-91.517
10.426,-39.875,-48.713
25.419,-71.899,-77.230
51.015,-118.193,-121.892
50.774,-111.427,-66.480
32.741,-56.951,-53.666
41.958,-47.008,-28.703
41.414,-87.739,-14.735
18.265,-81.067,0.720
35.401,-69.754,-10.242
16.540,-11.094,8.092
33.460,-61.729,25.077
36.502,-83.836,-5.567
36.087,-41.145,-74.216
33.958,-115.880,-90.067
25.312,-42.442,-60.880
21.563,-38.911,-73.143
25.928,-107.247,-87.501
14.843,-52.928,-92.745
12.648,-117.788,-102.639
13.824,-61.073,-103.066
2.962,-112.817,-78.290
2.910,-48.584,-54.546
2.442,-109.020,-70.490
2.432,-54.195,-64.908
1.009,-88.174,-10.967
2.525,-24.165,-34.832
0.484,-34.430,-28.303
1.622,-47.532,-59.123
0.422,-2.602,16.318
1.309,-75.747,7.489
1.994,-28.622,-32.386
0.525,-6.626,10.988
1.675,-12.375,9.756
0.478,-10.294,9.252
0.725,-19.124,1.192
0.494,-21.462,-1.651
0.063,-73.271,8.519
0.119,-13.027,11.392
0.169,-0.431,14.235
0.075,-1.287,13.416
0.275,-26.777,-19.137
0.725,-47.031,-97.520
0.222,-39.050,-78.865
0.266,-31.118,-21.574
0.287,-29.996,-14.409
0.216,-31.715,-23.109
0.694,-113.554,-81.491
0.681,-120.777,-103.221
0.719,-112.611,-85.582
0.319,-43.435,-59.916
0.647,-27.152,-15.422
0.259,-20.274,-0.499
0.134,-19.953,0.592
0.128,-24.846,-10.008
0.528,-111.947,-88.358
0.525,-130.542,-188.630
0.222,-137.475,-238.145
0.503,-69.478,-197.000
0.480,-55.182,-106.761
0.203,-50.737,-85.961
0.314,-43.189,-69.419
0.344,-113.490,-109.586
0.455,-81.256,-85.752
0.409,-91.879,-18.610
0.375,-68.803,-56.610
0.052,-22.190,-5.229
0.023,-81.099,4.379
0.269,-15.214,5.463
0.031,-25.977,20.139
0.391,-17.226,4.404
0.041,-9.124,24.712
0.034,-12.021,23.736
0.261,-77.155,10.898
0.369,-27.944,-17.938
0.114,-23.501,-5.990
0.239,-20.091,-0.184
0.091,-17.781,5.270
0.170,-28.032,-20.991
0.164,-42.175,-63.076
0.228,-41.330,-35.796
0.081,-99.281,-32.419
0.516,-44.849,-49.272
0.491,-105.485,-69.614
0.575,-44.884,-90.192
0.181,-90.081,-17.015
0.581,-22.826,-7.387
0.634,-30.811,-26.769
0.112,-89.772,-17.087
0.709,-115.238,-81.166
0.750,-71.367,-81.281
0.431,-51.125,-58.007
0.091,-34.358,-55.170
0.297,-29.994,-29.859
0.303,-34.940,-42.643
0.834,-49.533,-80.202
0.487,-115.047,-95.124
0.381,-61.626,-77.349
0.981,-66.189,-67.879
0.656,-58.430,-74.831
1.294,-122.604,-89.309
0.166,-45.196,-77.017
0.466,-26.491,-16.214
0.969,-119.296,-104.113
1.693,-140.863,-145.548
1.734,-73.942,-157.505
1.850,-139.599,-218.875
1.954,-143.013,-257.547
0.906,-77.353,-160.411
1.412,-54.105,-117.879
1.478,-56.592,-59.959
2.360,-49.220,-88.480
0.291,-98.787,-40.132
0.341,-57.932,-36.929
2.711,-107.728,-62.999
2.197,-118.445,-82.818
3.005,-67.360,-93.814
2.455,-107.868,-72.384
1.635,-57.086,-89.062
0.923,-49.379,-93.228
0.483,-35.620,-42.634
2.718,-97.830,-33.029
3.709,-97.398,-44.890
3.958,-52.848,-62.110
0.476,-92.968,-27.608
4.343,-80.772,-59.115
4.338,-98.222,-38.632
4.399,-97.550,-43.424
4.794,-60.262,-55.981
2.417,-54.142,-46.047
5.551,-101.494,-104.199
5.201,-65.956,-88.117
5.005,-71.542,-78.081
2.784,-62.101,-107.261
2.933,-75.865,-76.618
6.176,-124.409,-128.235
6.625,-59.745,-147.794
2.163,-50.249,-98.719
1.669,-41.495,-58.043
1.440,-31.807,-28.063
1.660,-30.947,-24.561
3.358,-34.696,-32.217
4.105,-39.298,-52.878
6.722,-111.800,-56.928
9.023,-67.698,-84.400
9.127,-117.606,-85.171
9.358,-108.203,-79.278
8.589,-63.034,-83.627
9.385,-94.018,-65.276
10.500,-61.217,-68.639
10.770,-48.007,-64.648
10.931,-111.284,-65.728
10.487,-49.165,-56.951
6.002,-47.489,-56.335
9.269,-108.365,-54.092
7.631,-59.503,-77.451
7.760,-56.212,-71.251
7.052,-52.993,-74.734
4.755,-48.651,-80.978
7.093,-51.900,-92.564
4.332,-49.068,-110.998
4.135,-39.584,-69.640
6.878,-34.356,-32.719
7.911,-33.721,-21.881
10.431,-34.394,-22.641
8.036,-36.325,-39.828
6.633,-34.693,-40.394
4.519,-34.440,-56.034
2.713,-24.533,-12.643
5.921,-23.995,-12.027
3.530,-19.953,0.550
16.042,-24.491,-17.507
10.307,-86.439,-12.657
7.207,-66.966,-40.954
16.088,-26.927,-48.670
15.451,-34.407,-64.508
7.578,-47.164,-51.107
15.127,-112.023,-90.394
16.262,-117.341,-98.537
16.470,-39.482,-61.538
7.692,-21.781,-2.925
3.490,-18.754,3.229
5.762,-18.985,2.688
4.456,-22.462,-2.874
7.501,-42.511,-9.751
19.907,-101.696,-71.436
19.282,-72.895,-60.758
16.181,-32.142,-55.756
20.706,-65.326,-35.356
19.502,-87.795,-14.610
22.917,-82.704,-11.815
14.907,-24.088,-8.383
2.623,-22.779,-4.242
14.965,-49.655,-9.025
12.477,-23.230,-8.036
3.535,-22.733,-5.897
15.833,-87.566,-6.894
18.299,-24.612,-31.705
23.414,-23.295,-13.570
15.937,-99.340,-40.798
19.560,-104.342,-35.500
23.218,-44.413,-24.033
17.801,-45.413,-8.967
17.812,-28.038,1.835
25.081,-78.318,5.865
26.933,-76.485,1.566
23.692,-6.763,16.882
35.085,-22.172,-8.666
160.616,-42.982,-59.038
100.983,-64.916,-38.789
203.905,-31.304,-20.870
124.357,-42.379,-72.523
44.281,-41.717,-105.610
26.870,-21.320,-4.730
58.874,-27.074,-21.325
179.712,-38.637,-30.120
185.440,-20.323,-12.017
137.071,-12.646,0.498
139.186,-8.245,2.164
98.534,-29.051,-24.449
46.771,-40.942,-43.806
252.638,-60.874,-32.559
105.314,-34.339,-56.316
129.851,-40.892,-61.451
73.357,-92.289,-61.110
264.157,-124.388,-206.037
239.750,-52.333,-169.292
133.291,-48.278,-131.281
235.718,-75.948,-101.603
268.425,-109.843,-78.602
211.911,-106.958,-81.305
237.171,-114.801,-149.321
217.674,-41.502,-109.856
248.491,-38.370,-70.273
77.134,-117.504,-104.929
267.264,-118.366,-149.737
270.297,-44.885,-85.628
228.372,-42.206,-81.543
211.114,-106.720,-142.284
246.070,-116.316,-172.686
221.606,-105.798,-81.114
291.994,-101.455,-63.801
262.300,-106.569,-97.800
304.085,-42.132,-157.382
224.048,-107.434,-181.616
65.866,-48.125,-108.585
54.499,-66.128,-70.876
238.050,-75.545,-76.309
225.741,-31.221,-78.712
123.976,-32.397,-53.106
209.304,-80.203,-89.478
151.421,-103.515,-96.587
192.809,-40.165,-148.351
57.626,-43.794,-154.902
41.316,-38.251,-72.515
40.903,-51.730,-149.656
29.066,-48.989,-96.830
34.842,-38.378,-45.823
39.445,-35.370,-46.823
32.438,-37.093,-62.089
298.382,-99.918,-59.162
284.762,-37.039,-91.450
244.196,-124.779,-164.827
284.561,-55.317,-92.204
162.677,-38.981,-69.514
195.385,-61.803,-54.036
221.219,-51.605,-61.548
107.652,-47.470,-70.680
155.189,-59.822,-43.110
238.188,-77.584,-61.886
227.202,-40.240,-117.927
76.579,-45.753,-84.919
85.630,-41.841,-96.068
25.760,-43.533,-145.302
82.135,-32.840,-55.093
248.145,-84.838,-56.814
273.831,-70.680,-55.002
83.148,-41.398,-73.433
94.139,-46.140,-67.185
58.445,-49.518,-67.008
48.141,-119.779,-150.486
229.187,-44.471,-93.443
214.751,-105.658,-79.390
254.286,-44.369,-103.878
86.162,-109.691,-81.877
210.122,-81.731,-73.983
260.475,-108.284,-106.959
208.019,-103.478,-90.309
213.321,-101.527,-66.968
221.620,-99.683,-78.370
230.429,-43.063,-93.221
95.396,-51.434,-218.448
109.341,-55.658,-104.079
142.081,-61.149,-33.392
143.737,-62.194,-77.045
116.398,-121.677,-172.912
231.791,-54.230,-221.670
80.416,-53.482,-206.151
130.514,-103.563,-94.479
208.252,-86.620,-57.305
72.934,-108.489,-101.283
231.809,-53.732,-141.870
178.079,-79.903,-63.034
134.058,-48.044,-117.845
94.110,-49.667,-154.128
31.538,-52.447,-119.972
120.123,-48.670,-65.712
138.638,-92.196,-53.658
176.210,-99.192,-44.463
204.651,-72.044,-63.733
167.047,-79.381,-36.193
164.679,-98.555,-114.143
195.243,-49.639,-165.553
73.803,-101.907,-127.313
193.955,-103.211,-126.261
188.556,-104.791,-101.423
183.487,-122.037,-171.240
187.030,-120.761,-108.512
183.415,-46.856,-83.501
79.843,-76.545,-32.383
138.045,-101.270,-77.461
61.774,-41.513,-54.780
65.485,-101.895,-59.221
131.011,-117.492,-98.842
144.890,-51.476,-122.836
123.463,-99.231,-146.406
154.699,-69.300,-115.766
155.979,-99.837,-86.534
121.183,-29.506,-67.784
61.077,-36.539,-33.357
17.486,-33.155,-40.270
112.856,-40.983,-51.103
138.154,-118.351,-187.288
141.837,-55.484,-124.915
23.637,-43.972,-70.547
38.604,-111.870,-91.338
132.792,-123.601,-156.015
128.732,-119.287,-100.683
126.288,-118.231,-100.253
121.239,-48.008,-117.367
113.317,-113.674,-95.201
115.363,-103.464,-103.054
114.666,-118.852,-99.247
112.254,-118.499,-88.341
98.776,-64.648,-68.264
77.358,-100.058,-91.036
27.790,-49.654,-122.846
40.693,-80.095,-169.947
98.889,-45.499,-99.227
98.504,-117.289,-100.739
95.165,-52.691,-78.797
73.566,-41.571,-61.574
17.369,-27.989,-25.992
10.076,-25.362,-13.268
17.041,-29.979,-29.965
6.546,-30.436,-26.412
34.332,-20.844,-1.707
8.479,-27.110,-14.178
59.774,-31.633,-17.578
38.468,-35.446,-41.129
45.383,-59.570,-74.336
63.247,-115.220,-105.751
42.087,-104.790,-79.099
60.359,-106.666,-51.581
60.668,-100.910,-46.377
60.601,-111.612,-68.139
24.764,-113.317,-87.623
6.851,-116.412,-80.192
5.486,-101.449,-70.274
6.109,-114.945,-54.704
6.100,-120.841,-55.758
5.920,-126.664,-73.397
5.355,-44.974,-95.705
1.247,-33.679,-23.098
4.450,-78.172,-35.806
4.090,-40.433,-43.897
4.728,-40.662,-30.137
3.262,-44.389,-32.403
1.323,-25.871,-6.628
0.285,-19.631,1.195
0.311,-5.941,5.962
0.556,-1.337,11.159
0.278,9.980,23.789
0.919,16.852,28.002
10.528,10.261,15.075
1.144,-49.550,-1.259
0.748,-25.426,-7.200
0.381,-19.493,0.898
0.457,-84.798,-3.130
1.969,-33.716,-22.114
0.550,-26.049,-10.568
0.134,-3.999,12.867
0.203,-0.628,14.954
0.269,-4.303,11.101
0.403,-14.781,1.667
0.722,-81.081,-8.850
1.559,-87.243,-23.415
1.888,-51.013,-48.026
0.259,-29.563,-21.093
0.262,-18.985,1.336
0.200,-10.240,13.491
0.097,-9.561,7.963
0.206,-15.441,5.236
0.091,-11.973,12.154
0.131,-19.308,1.805
0.113,-14.308,7.740
1.094,-97.001,-45.302
0.556,-100.767,-54.085
1.025,-51.820,-87.034
0.341,-27.245,-38.225
0.059,-22.417,-5.930
0.047,-19.262,2.351
0.453,-32.449,-13.452
0.316,-33.214,-24.325
0.094,-30.902,-30.774
0.194,-96.097,-16.187
0.663,-63.637,-66.900
0.294,-65.547,-53.880
0.178,-41.862,-35.360
0.044,-23.501,-8.268
0.047,-88.688,-15.929
0.553,-56.592,-155.273
0.519,-45.117,-111.048
0.494,-51.316,-58.097
0.181,-47.393,-53.139
0.128,-106.949,-49.157
0.434,-48.928,-50.293
0.278,-43.383,-42.694
0.489,-115.100,-68.255
0.166,-100.427,-42.043
0.291,-38.134,-68.351
0.289,-96.146,-160.091
0.283,-110.389,-135.423
0.395,-125.728,-142.136
0.298,-102.838,-64.336
0.192,-92.579,-76.934
0.198,-87.290,-71.016
0.387,-112.085,-81.807
0.398,-67.546,-84.187
0.183,-56.144,-80.165
0.128,-42.736,-38.834
0.259,-60.528,-179.316
0.455,-142.586,-237.697
0.306,-82.698,-154.549
0.128,-117.364,-107.623
0.322,-62.888,-145.863
0.106,-32.062,-45.758
0.534,-116.171,-116.326
0.456,-140.780,-139.678
0.187,-76.169,-168.314
0.581,-129.730,-160.671
0.625,-62.875,-178.021
0.641,-79.508,-119.912
0.400,-132.413,-122.939
0.738,-95.467,-159.531
0.122,-48.078,-73.013
0.338,-88.384,-40.240
0.572,-62.042,-92.705
0.206,-31.895,-21.358
0.616,-32.268,-39.325
0.987,-131.053,-133.402
0.425,-56.237,-142.507
0.606,-39.131,-41.374
1.128,-120.065,-96.684
1.253,-64.757,-109.702
0.978,-49.780,-73.581
1.397,-116.164,-102.236
0.244,-55.191,-87.225
1.041,-40.602,-42.096
0.122,-21.645,-4.751
1.531,-94.540,-29.897
0.603,-41.693,-30.271
0.400,-42.806,-31.698
1.997,-54.420,-95.634
0.441,-55.037,-20.203
0.544,-54.126,-61.072
2.037,-135.745,-116.133
0.366,-64.863,-135.608
0.150,-87.247,-12.027
2.775,-117.882,-119.326
2.767,-58.514,-113.726
0.541,-58.229,-133.854
1.418,-36.205,-25.004
3.222,-52.222,-63.528
0.353,-60.999,-1.780
3.400,-95.235,-48.024
3.617,-89.750,-82.929
2.333,-77.701,-39.754
3.035,-85.994,-9.874
3.934,-45.117,-61.851
1.491,-52.319,-105.029
1.092,-72.253,-61.423
4.612,-21.719,-9.050
4.755,-91.110,-17.098
4.973,-95.638,-32.350
5.122,-45.553,-58.580
2.068,-20.641,-3.360
4.758,-48.192,-56.802
3.079,-53.985,-93.921
4.963,-65.846,-154.135
3.727,-126.305,-106.849
3.414,-69.094,-140.420
6.291,-107.851,-92.885
6.141,-121.699,-84.265
3.970,-120.370,-98.584
4.220,-31.543,-36.562
3.907,-98.486,-56.359
6.970,-114.429,-77.532
3.027,-32.228,-33.841
6.769,-27.769,-19.292
1.855,-23.275,-6.573
9.250,-85.329,-68.432
5.226,-46.488,-46.270
3.322,-36.035,-45.873
1.855,-28.471,-27.025
9.017,-85.717,-26.696
6.949,-38.399,-25.456
8.350,-38.311,-31.544
9.366,-43.494,-41.322
11.117,-97.312,-34.412
8.071,-34.990,-18.887
6.987,-32.703,-17.843
9.870,-39.131,-31.990
10.339,-41.407,-39.980
8.847,-39.418,-49.044
3.377,-27.902,-25.864
4.291,-64.983,-19.848
7.015,-29.257,-18.693
2.427,-28.515,-20.770
8.115,-20.915,-1.063
2.333,-17.455,5.971
9.281,-63.297,-22.669
11.736,-31.500,-22.034
2.791,-19.447,1.734
3.036,-83.395,-5.671
16.285,-23.328,-16.013
16.412,-89.941,-20.185
16.875,-58.564,-32.130
4.748,-34.564,-36.910
13.715,-19.957,-1.990
4.684,-57.303,-7.100
10.622,-21.781,-3.811
1.669,-19.401,0.948
13.472,-21.645,-2.333
4.520,-24.085,-8.388
15.486,-28.425,-17.947
3.625,-29.301,-23.181
10.852,-63.655,-12.665
3.550,-28.648,-17.211
5.587,-20.182,0.095
10.814,-19.402,0.422
2.743,-19.677,0.536
4.289,-19.815,0.229
12.153,-23.050,-4.078
17.153,-22.058,-5.843
2.123,-19.124,2.118
3.300,-18.800,1.517
2.975,-19.631,1.250
2.350,-8.198,6.561
5.927,-7.957,3.042
15.174,-37.322,6.293
19.086,-7.349,5.056
20.266,-22.853,-12.124
19.769,-95.988,-32.914
19.826,-74.968,-12.950
12.488,-27.953,-3.547
17.801,-16.172,-0.085
8.602,-18.916,-2.996
2.884,-15.823,4.806
26.134,-88.243,-14.808
26.933,-84.971,-7.337
24.838,-82.640,-1.379
24.676,-1.624,5.216
24.896,6.622,6.897
20.660,10.785,9.833
18.079,-52.267,11.511
22.407,-27.974,10.620
27.060,25.101,18.454
27.257,19.822,13.413
22.303,18.812,22.875
9.667,20.437,26.493
31.056,28.788,33.918
97.754,6.915,14.073
192.834,-15.325,-5.009
167.326,-15.836,-9.821
136.648,-20.965,-21.715
210.225,-24.775,-6.084
159.340,-5.207,4.095
145.468,-30.449,-68.524
204.302,-29.510,-24.241
270.704,-29.083,-31.804
233.539,-42.946,-85.163
249.068,-55.587,-156.928
208.927,-120.816,-136.548
223.438,-121.712,-144.920
246.192,-118.422,-102.465
283.185,-115.711,-71.594
199.236,-45.309,-81.710
113.593,-50.355,-200.182
49.208,-51.235,-165.105
28.120,-43.518,-77.329
177.515,-35.589,-64.533
236.757,-36.232,-75.007
145.180,-41.610,-66.000
150.094,-117.615,-190.326
239.856,-49.223,-179.253
53.391,-34.581,-83.731
79.206,-35.892,-78.733
39.586,-37.630,-55.208
164.099,-47.141,-52.054
268.030,-40.012,-99.608
185.721,-103.210,-108.868
243.920,-107.046,-96.077
282.001,-40.990,-92.199
212.334,-54.837,-73.634
131.930,-42.540,-95.455
35.081,-44.387,-64.282
178.561,-37.238,-50.629
18.139,-47.521,-113.308
84.887,-38.122,-60.338
140.651,-95.083,-37.305
220.964,-40.208,-66.762
135.191,-98.203,-107.527
263.934,-120.224,-212.533
256.046,-47.810,-125.202
282.016,-24.703,-64.145
157.691,-35.446,-113.304
183.704,-43.358,-66.346
78.783,-61.389,-198.008
45.364,-128.246,-158.784
233.662,-128.724,-198.471
273.354,-125.590,-173.784
267.833,-107.514,-112.124
269.997,-66.862,-61.147
87.967,-34.495,-43.906
108.586,-102.659,-72.759
278.498,-109.842,-134.388
283.677,-107.457,-80.443
244.210,-58.864,-113.261
141.154,-74.686,-81.753
169.686,-116.470,-115.158
252.668,-77.805,-240.021
253.737,-119.833,-245.095
274.614,-48.652,-119.286
47.913,-63.337,-195.754
177.625,-54.007,-255.517
134.510,-51.267,-225.417
151.926,-45.528,-142.070
54.850,-46.334,-102.058
105.490,-37.957,-69.982
83.554,-37.002,-54.792
174.926,-37.164,-65.896
158.236,-42.870,-77.963
62.850,-44.944,-55.189
122.468,-43.276,-77.039
153.579,-45.630,-77.297
134.762,-45.638,-64.729
70.585,-45.803,-54.535
131.358,-45.478,-71.183
28.307,-47.518,-97.069
80.714,-42.089,-52.973
38.261,-44.829,-59.301
129.681,-38.600,-43.189
108.348,-39.107,-92.814
148.710,-102.549,-86.186
140.524,-37.290,-47.954
169.564,-32.714,-58.160
161.688,-35.855,-55.287
37.638,-41.231,-61.855
47.973,-43.840,-51.445
77.634,-51.063,-40.346
30.396,-34.853,-58.989
126.123,-47.347,-69.585
69.924,-41.387,-59.079
96.447,-40.850,-53.034
101.505,-40.336,-42.040
51.904,-41.670,-34.380
63.897,-41.161,-38.082
71.260,-37.243,-50.953
56.634,-39.181,-56.443
22.478,-41.504,-38.518
63.833,-49.412,-63.845
36.258,-103.194,-68.916
160.864,-50.704,-68.008
53.499,-38.101,-33.547
33.812,-35.651,-41.837
77.267,-24.854,-14.775
17.737,-21.791,-2.268
118.196,-90.070,-35.596
139.676,-96.901,-43.642
156.655,-45.765,-100.601
16.683,-67.451,-53.974
63.501,-123.216,-174.550
154.197,-117.179,-108.516
152.167,-88.261,-78.816
108.254,-107.877,-47.432
145.638,-36.294,-50.171
123.242,-73.589,-27.567
138.116,-55.108,-57.049
68.737,-87.902,-43.957
129.391,-109.291,-113.329
124.755,-121.343,-123.749
129.393,-127.405,-142.645
121.360,-124.466,-115.558
121.796,-125.705,-102.276
122.767,-126.893,-126.321
120.927,-125.067,-147.028
115.814,-54.310,-89.222
112.235,-99.315,-54.729
94.069,-49.019,-65.485
70.954,-45.044,-60.521
92.468,-100.479,-70.778
74.428,-47.656,-69.757
18.902,-43.008,-64.612
31.113,-42.177,-55.047
10.900,-37.693,-33.781
20.609,-39.431,-25.969
47.020,-43.057,-30.812
50.770,-90.842,-31.983
68.256,-48.538,-44.298
40.532,-55.608,-47.194
12.777,-24.023,-8.223
19.575,-10.113,2.792
26.595,-10.372,3.972
26.815,-14.903,5.453
3.271,-9.501,8.286
11.407,-3.941,11.881
19.177,-71.397,13.668
7.984,-18.614,1.674
10.628,1.456,21.326
4.453,-16.744,9.262
56.097,-32.558,-31.708
4.371,-27.131,-20.205
52.984,-29.784,-29.192
23.466,-30.715,-12.145
41.129,-37.551,-45.152
12.635,-19.985,-1.720
19.395,-25.424,-7.683
8.579,-19.100,0.946
2.551,-21.757,-4.787
17.547,-46.581,-81.132
39.818,-93.951,-62.952
27.992,-48.550,-109.497
25.060,-112.346,-70.743
35.484,-40.236,-43.682
8.331,-31.501,-19.810
7.750,-29.167,-27.643
5.141,-27.593,-31.873
4.772,-33.341,-61.855
19.717,-73.336,-54.733
26.338,-84.797,-65.410
5.921,-53.994,-64.678
0.190,-22.553,-5.581
0.876,-24.668,-6.478
0.548,-31.292,-17.724
0.207,-63.328,1.487
2.331,-85.845,-5.866
1.219,-89.903,-16.505
2.307,-33.504,-23.782
2.237,-98.211,-34.850
1.369,-52.699,-24.123
1.834,-25.657,-25.782
1.050,-103.323,-85.379
1.675,-38.173,-76.176
1.687,-85.367,-66.129
1.465,-23.103,-12.029
0.103,-80.364,2.894
1.334,-25.337,-0.151
0.719,-61.470,17.112
1.193,-2.021,13.128
1.131,-101.854,-37.434
1.197,-99.419,-96.006
0.400,-48.340,-92.056
1.087,-67.411,-62.236
1.019,-98.689,-89.967
0.953,-130.116,-103.125
0.888,-100.017,-118.232
0.847,-129.109,-165.296
0.837,-76.048,-167.758
0.397,-73.671,-114.908
0.509,-51.595,-54.803
0.622,-115.478,-47.825
0.281,-52.317,-48.478
0.125,-31.767,-19.747
0.056,-21.872,-3.143
0.066,-20.274,-0.070
0.053,-18.939,2.556
0.037,-12.930,20.465
0.228,-85.950,-5.988
0.430,-39.365,-40.720
0.036,0.032,21.166
0.153,-24.890,-13.583
0.108,-31.893,-35.740
0.086,-33.639,-39.609
0.092,-31.807,-25.311
0.156,-29.996,-10.871
0.133,-33.594,-22.255
0.228,-51.975,-51.562
0.237,-69.127,-79.763
0.350,-132.731,-107.456
0.394,-85.930,-121.857
0.153,-34.696,-44.385
0.289,-23.686,-9.193
0.403,-95.553,-39.207
0.411,-42.628,-66.619
0.059,-50.845,-24.949
0.220,-60.005,-55.030
0.200,-45.976,-47.594
0.197,-52.514,-47.706
0.142,-50.931,-57.431
0.459,-128.484,-101.564
0.483,-81.398,-150.966
0.192,-99.755,-109.221
0.512,-71.666,-123.673
0.312,-67.136,-98.060
0.569,-126.059,-136.109
0.597,-87.958,-128.677
0.666,-68.888,-147.824
0.178,-53.651,-157.315
0.209,-64.463,-119.617
0.153,-58.521,-164.946
0.181,-87.987,-74.842
0.759,-62.455,-155.962
0.313,-49.932,-122.165
0.278,-52.782,-85.095
0.666,-96.330,-97.219
0.400,-61.454,-74.091
0.281,-39.223,-55.779
0.191,-30.299,-26.659
0.159,-36.946,-55.481
1.235,-115.980,-140.463
1.318,-110.476,-122.270
0.616,-55.318,-89.389
0.237,-43.530,-64.779
0.831,-51.862,-58.579
1.750,-132.884,-153.030
1.881,-145.063,-162.130
1.959,-80.078,-142.786
1.025,-64.680,-102.729
0.600,-58.092,-116.450
0.887,-60.905,-155.659
0.994,-62.567,-170.490
0.900,-62.516,-119.057
0.772,-65.296,-142.158
2.269,-147.576,-137.340
2.500,-90.362,-136.908
1.292,-49.798,-74.478
1.295,-38.272,-44.727
2.645,-75.849,-51.646
3.353,-119.640,-89.352
2.512,-93.132,-111.787
2.594,-73.572,-239.034
2.686,-73.860,-194.379
3.564,-80.632,-179.129
3.562,-92.530,-147.636
3.672,-155.246,-175.178
4.476,-93.390,-149.838
1.902,-54.658,-85.564
4.071,-60.309,-83.736
3.258,-74.542,-173.191
2.762,-77.170,-271.231
2.601,-146.461,-270.542
5.990,-151.479,-182.679
6.204,-81.706,-206.870
6.242,-123.330,-121.967
6.443,-55.411,-85.153
6.545,-127.096,-88.107
7.089,-131.872,-131.449
7.017,-135.137,-140.089
7.602,-139.194,-154.300
7.763,-82.689,-127.007
3.679,-55.999,-166.904
1.752,-33.554,-26.741
1.664,-46.631,-120.865
5.457,-128.811,-259.776
9.333,-135.972,-174.405
9.372,-61.104,-98.675
9.544,-122.362,-92.953
9.727,-120.211,-102.849
9.993,-125.434,-121.451
10.644,-132.970,-107.062
6.853,-68.982,-133.956
3.653,-50.785,-101.869
4.218,-54.094,-66.734
11.208,-124.182,-95.916
11.910,-63.256,-92.088
6.728,-59.998,-101.830
9.450,-67.389,-92.625
10.258,-69.255,-79.106
11.597,-70.558,-81.359
11.806,-108.831,-83.591
13.125,-78.648,-84.990
13.090,-70.132,-95.455
8.172,-50.050,-82.696
2.310,-42.853,-70.005
8.167,-29.734,-16.963
9.977,-91.729,-12.223
13.912,-25.917,-14.695
2.203,-18.708,5.491
2.950,-78.103,-2.724
16.227,-29.426,-17.908
6.286,-22.552,-6.201
11.264,-86.185,-8.315
16.389,-101.549,-29.188
14.965,-66.738,-31.609
15.914,-37.845,-36.987
17.025,-98.168,-36.198
16.562,-37.730,-56.669
12.662,-24.230,-14.470
18.958,-91.333,-16.757
16.586,-90.610,-13.662
19.931,-87.758,-9.118
19.502,-85.048,-3.848
20.231,-7.704,8.102
15.822,-5.627,9.520
18.681,-69.597,-0.135
12.616,-61.659,4.338
3.264,-21.599,-4.321
8.045,-18.710,1.175
18.194,-37.436,-89.182
17.141,-107.597,-90.634
19.572,-39.059,-49.617
15.185,-24.002,-7.235
22.894,-15.048,2.047
6.001,-12.900,3.445
17.639,-73.566,5.522
23.924,-80.142,0.198
23.414,-8.288,3.027
7.603,-13.138,3.338
19.942,-12.885,1.450
21.215,-11.650,1.517
8.361,-28.393,3.072
18.588,-17.189,-1.624
14.028,-21.706,-8.154
17.072,-80.612,-21.119
23.032,-95.786,-29.199
235.966,-89.560,-100.323
163.389,-116.718,-107.729
220.187,-130.888,-116.174
224.088,-52.680,-83.471
204.800,-117.663,-82.240
216.343,-49.071,-173.907
81.358,-49.430,-189.674
152.564,-47.189,-138.407
168.562,-46.643,-106.807
149.449,-48.674,-100.005
109.976,-64.105,-73.915
224.073,-109.251,-104.049
251.266,-84.254,-110.804
261.385,-100.036,-35.826
239.680,-29.549,-66.561
31.112,-35.007,-46.803
81.338,-28.885,-21.148
38.946,-32.377,-23.243
104.725,-33.287,-23.593
121.039,-79.391,-49.971
129.595,-30.960,-36.075
109.281,-84.769,-11.992
210.573,-25.904,-32.571
188.939,-93.999,-46.472
214.377,-31.131,-74.009
257.516,-102.026,-128.942
282.521,-46.704,-146.120
166.531,-96.505,-31.729
204.978,-39.562,-32.565
87.582,-67.640,-28.076
211.525,-46.315,-38.125
262.403,-98.021,-62.307
296.318,-125.143,-208.677
287.069,-122.384,-210.635
289.807,-123.534,-142.305
285.627,-119.208,-79.828
276.907,-97.298,-73.502
263.273,-60.511,-68.620
283.633,-78.664,-113.815
130.436,-48.873,-85.970
176.908,-40.721,-94.561
224.072,-105.366,-148.616
286.692,-47.559,-165.919
193.908,-48.870,-95.330
240.029,-57.439,-226.295
107.388,-53.414,-105.113
294.266,-24.541,-53.981
27.575,-99.671,-57.360
289.657,-105.026,-86.069
224.393,-91.172,-86.713
237.016,-55.443,-112.275
303.307,-123.663,-183.730
297.811,-116.769,-118.091
295.180,-114.063,-153.988
288.374,-39.113,-89.179
244.844,-116.671,-191.839
140.505,-116.181,-135.038
288.730,-117.117,-149.148
207.902,-87.844,-67.363
178.579,-47.032,-27.158
92.122,-26.743,-26.883
98.342,-33.985,-44.182
142.418,-57.781,-23.046
217.218,-50.157,-47.144
251.561,-69.800,-46.518
184.803,-27.699,-63.946
218.983,-50.398,-153.408
137.316,-41.981,-132.064
150.817,-29.484,-53.436
142.284,-50.452,-72.101
248.032,-116.341,-158.540
217.945,-56.796,-132.508
45.111,-50.396,-71.253
128.923,-55.402,-168.682
103.272,-59.082,-250.122
231.519,-113.162,-167.113
215.090,-59.947,-82.445
198.345,-21.951,-44.214
79.569,-33.570,-60.903
200.582,-115.405,-193.958
262.776,-119.516,-161.612
157.852,-50.435,-91.280
47.127,-105.511,-108.273
164.806,-72.789,-65.995
36.825,-62.092,-87.426
203.208,-54.502,-135.284
226.302,-43.039,-86.990
187.443,-103.135,-122.983
205.848,-64.808,-84.184
166.756,-42.244,-69.806
107.004,-35.013,-88.467
93.965,-95.055,-75.693
235.848,-105.579,-81.423
231.684,-103.097,-82.423
159.084,-47.542,-96.972
87.635,-55.427,-132.562
101.778,-55.854,-147.424
50.721,-98.381,-118.462
42.633,-49.384,-78.481
58.239,-38.143,-45.674
59.771,-35.391,-24.661
80.215,-39.933,-48.467
147.874,-41.102,-62.318
167.380,-27.934,-57.199
85.814,-84.103,-27.207
101.091,-25.973,-30.353
117.982,-52.314,-25.745
64.984,-29.230,-31.215
67.139,-27.013,-31.344
15.596,-30.200,-42.276
89.869,-106.289,-102.008
186.562,-62.214,-83.701
74.515,-85.073,-119.560
131.689,-45.035,-73.561
45.169,-83.513,-13.260
163.133,-80.124,-56.094
29.337,-39.544,-24.138
134.093,-30.418,-33.982
17.629,-103.305,-64.180
162.707,-114.139,-132.181
161.300,-50.162,-152.900
73.122,-37.700,-36.194
99.964,-96.717,-49.537
142.167,-98.462,-50.787
139.554,-36.754,-46.804
92.807,-62.540,-32.022
122.738,-39.729,-47.150
57.385,-45.903,-75.388
13.487,-40.164,-57.363
22.354,-83.278,-94.316
106.468,-51.931,-80.736
48.400,-46.030,-69.494
10.011,-37.710,-62.934
8.462,-37.095,-70.270
11.129,-26.843,-21.392
11.770,-29.395,-27.517
32.400,-37.831,-49.888
14.376,-35.127,-31.742
44.324,-22.863,-12.046
16.765,-18.849,-0.575
31.401,-15.861,1.999
12.670,-19.549,-2.910
17.393,-114.277,-97.612
95.150,-55.630,-79.982
69.218,-43.885,-67.655
78.281,-50.697,-54.484
49.750,-45.465,-48.500
36.087,-109.767,-82.136
47.656,-57.422,-116.533
49.506,-52.898,-102.094
63.166,-48.894,-110.323
15.142,-43.381,-49.234
5.834,-45.517,-47.448
38.597,-25.744,-16.626
5.408,-29.279,-23.800
66.860,-38.786,-55.375
7.364,-87.477,-88.508
60.238,-108.887,-86.364
59.511,-40.731,-53.951
15.749,-22.931,28.248
5.645,0.152,18.763
53.241,-24.841,6.889
35.368,-20.934,-7.498
25.371,-16.704,2.383
5.872,-6.227,8.856
4.609,13.766,34.854
6.399,2.030,27.321
23.813,-52.930,4.200
9.573,-16.535,3.833
1.840,-5.548,11.639
13.264,-15.962,6.110
12.156,-18.170,-0.027
5.045,-18.054,2.305
11.000,-60.140,-11.799
28.703,-106.744,-41.875
27.580,-106.823,-74.772
31.701,-120.281,-83.209
30.469,-109.869,-69.588
22.583,-36.146,-48.453
24.534,-82.676,-0.976
26.175,-96.648,-41.032
25.202,-104.493,-57.527
8.162,-45.192,-66.754
2.828,-38.313,-34.304
1.271,-75.101,-31.368
1.688,-40.624,-58.803
2.384,-105.427,-59.109
2.438,-117.379,-109.678
2.300,-60.531,-100.767
0.247,-68.506,-64.884
2.097,-108.619,-84.627
1.975,-52.449,-92.158
1.437,-49.867,-65.987
0.066,-20.732,-1.115
1.116,-12.069,6.365
0.206,-4.597,9.044
0.213,-12.165,9.465
0.100,-7.070,8.224
0.097,0.134,14.139
0.166,-6.775,11.395
0.122,-7.365,8.212
0.147,-16.896,9.239
0.597,-52.962,-2.737
0.469,-28.340,-11.499
0.106,-19.677,0.754
0.822,-30.163,-23.884
0.134,-28.603,-13.436
0.150,-17.408,4.349
0.106,-21.963,-2.599
0.159,-25.693,-6.428
0.094,-20.915,-1.109
0.075,-15.865,7.113
0.044,-21.235,-2.419
0.247,-53.089,-150.252
0.275,-95.872,-175.199
0.344,-68.254,-153.403
0.125,-60.853,-150.264
0.100,-60.211,-79.584
0.092,-47.378,-41.513
0.470,-106.647,-67.285
0.459,-110.519,-85.507
0.069,-94.546,-53.734
0.078,-90.985,-21.848
0.450,-72.826,-96.446
0.412,-122.399,-108.005
0.219,-119.766,-84.898
0.300,-60.262,-90.890
0.292,-129.018,-107.752
0.203,-60.215,-138.923
0.064,-34.819,-42.658
0.120,-34.147,-29.144
0.344,-116.549,-59.374
0.180,-53.752,-88.540
0.197,-41.165,-42.170
0.189,-121.084,-73.344
0.413,-67.205,-115.802
0.012,-24.265,-12.211
0.070,-29.735,-23.216
0.216,-60.907,-33.231
0.216,-38.933,-35.774
0.087,-26.580,-12.875
0.141,-30.555,-22.037
0.194,-37.695,-31.173
0.291,-52.913,-56.139
0.200,-51.825,-115.785
0.150,-82.905,-98.297
0.144,-31.975,-36.503
0.631,-114.393,-64.697
0.475,-125.125,-102.541
0.719,-126.486,-127.712
0.622,-77.585,-104.413
0.784,-69.145,-140.975
0.403,-46.523,-69.005
0.300,-31.635,-31.001
0.141,-26.404,-19.021
0.172,-26.933,-17.269
1.053,-115.353,-82.729
1.137,-55.805,-106.879
1.100,-92.842,-101.880
1.197,-132.552,-110.304
1.340,-134.430,-130.232
1.416,-134.714,-115.842
1.528,-132.154,-122.423
1.568,-76.835,-112.778
0.844,-59.593,-69.793
0.628,-45.275,-63.915
0.991,-75.158,-32.023
1.081,-46.835,-34.507
1.450,-107.967,-71.327
1.362,-112.864,-102.985
2.263,-37.432,-48.295
1.384,-30.034,-31.471
2.057,-32.529,-34.288
0.219,-18.754,4.309
0.392,-93.743,-25.268
2.846,-109.476,-65.605
2.509,-104.337,-55.558
1.934,-52.265,-90.257
0.564,-38.020,-50.014
2.753,-51.873,-12.807
3.547,-96.532,-30.098
3.191,-60.055,-32.286
1.640,-24.533,-11.004
1.208,-24.398,-12.730
0.506,-20.182,0.119
4.446,-25.070,-14.543
0.392,-82.789,-1.887
4.826,-102.707,-45.140
4.868,-63.636,-91.490
3.110,-116.455,-99.843
3.729,-29.433,-28.253
5.503,-29.471,-27.890
5.009,-39.137,-27.248
4.404,-27.950,-13.733
0.926,-19.309,0.495
3.657,-24.264,-7.558
1.839,-61.495,-16.567
1.852,-27.023,-15.929
0.717,-29.691,-20.880
3.117,-32.618,-31.176
3.547,-31.977,-18.276
7.259,-86.421,-45.497
8.219,-99.336,-67.202
4.181,-90.194,-76.454
7.034,-62.359,-76.741
4.089,-57.913,-87.919
8.090,-122.899,-93.671
10.064,-121.776,-133.285
9.626,-42.627,-56.417
5.552,-64.429,-57.745
8.131,-49.733,-62.397
2.274,-45.392,-54.161
2.194,-97.700,-32.478
9.185,-93.697,-28.141
11.852,-37.885,-44.696
4.654,-27.946,-14.811
6.147,-29.558,-19.550
6.212,-37.684,-33.469
11.794,-36.068,-32.247
12.315,-92.211,-20.835
4.063,-29.079,-26.196
10.185,-26.061,-27.064
13.681,-101.563,-44.994
14.549,-112.508,-83.136
10.384,-87.601,-94.909
12.326,-114.773,-98.039
4.803,-58.687,-157.910
6.500,-52.050,-124.142
6.962,-51.862,-164.163
10.116,-103.071,-115.116
13.831,-51.815,-59.434
16.366,-109.309,-51.077
13.750,-49.250,-52.534
6.873,-109.985,-85.561
16.319,-126.838,-158.456
15.937,-50.916,-127.427
5.184,-107.695,-68.900
17.500,-105.714,-72.725
18.542,-51.479,-94.578
6.100,-39.619,-54.540
6.759,-83.957,-2.235
19.873,-82.373,-12.621
12.928,-86.012,-9.959
17.419,-27.819,-20.530
17.627,-28.960,-25.823
17.060,-44.512,-31.928
2.931,-47.905,-21.739
15.278,-17.421,2.762
2.972,-18.152,3.799
16.655,-22.022,-7.721
18.843,-108.648,-89.710
22.292,-98.257,-87.881
16.493,-36.078,-33.445
21.377,-20.232,-1.018
20.093,-17.723,-0.498
4.843,-65.945,13.144
21.748,-77.932,2.162
5.382,-24.398,-7.884
14.537,-91.816,-35.667
13.090,-31.672,-31.199
3.829,-23.591,-9.710
11.263,-12.132,4.495
4.917,-2.965,11.571
20.243,-4.943,10.064
3.527,-11.255,5.116
26.192,-70.508,7.248
26.655,-72.296,5.917
27.500,-63.392,7.740
26.782,19.939,13.766
25.729,-18.696,10.083
27.766,-46.837,13.040
27.604,-0.950,12.779
28.345,29.975,12.857
234.681,-34.998,11.447
253.047,-52.455,12.882
266.297,-60.232,6.405
267.289,-48.323,11.146
264.227,-53.668,5.074
268.068,-80.508,-22.169
255.082,-80.536,-16.946
269.390,-77.718,-18.195
147.563,-20.080,-14.446
50.584,-42.656,-78.684
59.922,-54.922,-185.817
107.969,-40.374,-118.278
152.860,-103.429,-108.646
246.804,-110.497,-126.083
169.176,-112.549,-124.736
196.730,-48.154,-154.082
202.343,-43.933,-84.946
145.263,-78.792,-50.304
261.302,-47.216,-104.329
131.813,-50.627,-182.350
121.883,-44.989,-152.581
49.078,-80.835,-117.442
272.892,-42.235,-96.027
178.846,-35.533,-33.111
137.121,-40.184,-51.874
117.246,-79.073,-54.045
277.772,-102.935,-46.066
189.952,-31.808,-44.612
160.780,-101.048,-54.297
158.117,-105.448,-87.350
300.777,-85.716,-33.066
240.634,-21.084,-37.230
296.473,-27.871,-53.271
264.570,-86.110,-115.980
120.043,-82.920,-109.741
256.172,-99.039,-134.187
293.606,-108.553,-134.460
298.443,-68.827,-49.986
220.047,-83.114,-73.372
233.307,-46.627,-72.525
108.237,-32.864,-75.746
290.098,-71.622,-118.833
244.664,-95.220,-115.757
286.266,-113.713,-211.510
303.093,-53.570,-161.451
133.081,-48.134,-136.720
145.544,-123.570,-260.962
285.635,-121.337,-247.173
196.905,-73.912,-147.050
256.432,-66.547,-100.644
249.668,-42.294,-96.497
100.328,-46.811,-70.985
56.235,-47.946,-116.661
43.146,-106.832,-98.342
79.644,-38.954,-55.686
83.180,-30.606,-39.335
99.583,-31.889,-44.883
103.052,-30.697,-26.263
71.145,-29.890,-16.039
140.037,-28.941,-22.419
128.713,-31.047,-37.344
66.334,-36.578,-48.605
25.575,-39.177,-42.093
46.437,-61.382,-29.388
69.850,-42.143,-78.906
134.994,-95.848,-31.401
207.897,-69.682,-35.429
124.063,-56.744,-61.137
224.349,-74.761,-143.718
91.462,-42.491,-122.559
53.558,-42.480,-87.114
71.323,-34.999,-48.476
115.406,-31.323,-38.111
48.594,-31.490,-46.994
25.391,-30.882,-34.518
30.232,-27.832,-18.249
71.979,-49.535,-25.812
131.159,-31.127,-56.478
32.832,-35.948,-50.524
52.108,-39.829,-58.727
32.691,-45.792,-100.029
60.594,-39.671,-65.353
70.723,-80.739,-33.736
177.444,-84.345,-28.513
206.768,-27.467,-36.954
63.417,-32.943,-39.537
26.295,-42.462,-26.659
118.852,-25.758,-17.429
109.775,-82.962,-22.092
147.871,-39.116,-53.512
96.783,-28.717,-61.957
102.752,-116.414,-197.662
200.649,-113.659,-184.381
209.900,-61.368,-142.906
89.350,-41.320,-59.502
155.644,-35.568,-62.815
89.767,-31.973,-75.206
22.239,-35.757,-89.996
32.148,-36.458,-34.593
94.986,-98.698,-48.114
157.201,-35.278,-63.866
106.989,-28.286,-10.779
42.230,-28.772,-29.313
107.314,-66.871,-46.233
151.293,-74.558,-51.045
110.477,-39.909,-43.795
181.351,-108.227,-53.869
179.757,-109.565,-59.144
150.634,-106.236,-64.438
163.471,-112.077,-68.228
166.644,-48.593,-67.231
44.587,-49.020,-76.625
39.372,-46.550,-83.257
59.551,-36.458,-68.789
14.835,-61.473,-62.578
15.106,-35.538,-58.882
11.998,-38.059,-75.299
65.232,-32.932,-42.982
58.974,-31.803,-30.711
112.786,-84.664,-32.125
129.891,-42.613,-48.104
106.649,-39.230,-47.037
95.312,-38.646,-47.166
80.550,-37.157,-48.159
29.133,-35.127,-31.965
94.415,-40.542,-49.995
72.148,-44.152,-59.753
19.014,-38.710,-45.172
20.056,-36.704,-48.917
66.518,-81.803,-54.541
96.872,-102.085,-77.852
102.550,-40.588,-61.421
83.446,-77.781,-76.504
72.765,-46.424,-76.299
100.992,-124.353,-191.821
86.542,-49.151,-122.889
90.027,-113.910,-100.325
94.453,-118.553,-133.554
92.290,-56.688,-148.361
62.032,-52.331,-121.402
17.010,-44.579,-87.614
7.983,-41.315,-59.985
47.931,-45.897,-101.338
5.747,-39.253,-85.879
6.268,-28.252,-26.500
5.146,-26.758,-12.872
24.380,-41.139,-44.466
7.944,-42.759,-45.745
43.846,-35.334,-34.026
45.960,-31.054,-41.951
54.780,-103.056,-83.737
59.703,-30.277,-37.206
2.962,-13.245,9.290
22.551,-16.054,2.704
52.390,-30.896,-26.975
12.169,-29.199,4.597
42.774,-34.477,-23.106
46.352,-32.846,-23.788
3.697,-19.908,0.146
9.954,-13.373,9.040
9.257,-20.061,-0.570
11.299,-14.755,3.142
7.203,-8.386,5.764
2.478,-7.042,22.984
2.663,-18.187,3.697
5.261,-21.005,-2.674
2.927,-26.395,-26.774
4.284,-33.634,-30.724
14.290,-34.091,-32.132
2.169,-28.574,-21.255
2.642,-81.045,1.975
27.562,-43.705,-72.510
26.377,-33.856,-52.901
24.535,-40.071,-46.312
7.767,-30.485,-17.633
1.824,-13.273,7.437
9.829,-17.267,5.420
3.256,-19.432,1.240
3.694,-22.608,-4.194
15.773,-92.984,-28.423
16.076,-107.412,-62.706
17.078,-41.387,-55.271
9.408,-33.804,-59.426
5.746,-33.568,-55.405
3.922,-36.533,-46.611
1.467,-33.130,-29.149
4.671,-37.040,-40.014
3.220,-31.774,-18.352
6.308,-37.271,-26.842
2.053,-28.159,-16.071
3.420,-28.941,-22.502
5.665,-39.028,-53.280
3.040,-33.808,-45.594
1.203,-19.999,0.501
2.197,-19.585,1.170
2.428,-21.733,-2.478
0.646,-18.827,2.367
0.499,-15.947,9.964
0.558,-10.308,17.438
0.528,-7.243,15.957
3.281,-28.453,-20.555
2.738,-28.146,-15.857
0.822,-19.021,2.622
3.017,-32.857,-26.652
2.589,-32.961,-24.670
2.331,-33.639,-31.640
2.187,-30.775,-19.102
1.927,-41.455,-24.977
0.681,-68.709,-31.357
0.197,-34.904,-24.268
0.222,-31.031,-19.731
0.144,-39.666,-58.767
0.197,-30.599,-17.918
0.366,-107.624,-68.927
0.439,-54.262,-87.349
0.138,-49.874,-62.098
0.147,-41.730,-54.593
0.334,-129.992,-182.192
0.391,-132.299,-179.820
0.230,-54.765,-95.443
0.391,-126.518,-141.926
0.406,-142.007,-317.356
0.397,-144.404,-324.580
0.387,-81.728,-280.398
0.355,-134.639,-178.673
0.406,-122.890,-159.815
0.217,-101.761,-113.978
0.444,-82.993,-132.632
0.222,-68.249,-123.738
0.013,-33.131,-36.144
0.291,-49.090,-22.598
0.145,-27.859,-18.908
0.042,-82.297,-20.592
0.106,-84.813,-25.536
0.019,-92.122,-23.308
0.516,-44.346,-67.553
0.253,-25.381,-17.459
0.597,-53.317,-81.264
0.050,-24.131,-10.506
0.300,-31.161,-27.882
0.184,-29.562,-24.978
0.609,-119.161,-67.625
0.763,-122.716,-123.745
0.153,-45.291,-73.168
0.847,-62.402,-222.246
0.869,-131.192,-194.181
0.472,-60.560,-110.816
0.372,-52.017,-100.360
0.766,-88.093,-107.012
1.056,-128.314,-138.599
1.213,-80.047,-167.679
1.197,-83.279,-127.999
0.509,-91.218,-86.496
0.981,-72.940,-88.405
0.238,-50.747,-68.229
0.312,-38.149,-31.276
0.453,-40.014,-77.879
0.478,-42.168,-80.246
0.703,-41.814,-48.125
0.631,-44.011,-61.027
1.294,-36.747,-25.938
0.653,-31.503,-23.496
0.175,-67.940,-5.677
0.600,-29.689,-33.960
2.041,-44.027,-61.874
0.709,-24.219,-16.723
2.432,-31.457,-33.976
2.550,-110.097,-60.471
2.789,-52.923,-66.071
1.076,-36.077,-44.838
1.080,-35.491,-26.573
1.228,-115.208,-75.568
1.895,-123.715,-80.512
2.794,-54.310,-90.396
3.815,-112.867,-104.576
4.116,-56.793,-83.587
0.823,-117.463,-111.542
4.491,-60.107,-111.628
4.672,-117.336,-126.900
1.933,-56.251,-89.964
4.934,-33.588,-37.621
1.054,-105.735,-35.775
3.486,-115.327,-78.584
2.652,-114.341,-57.658
5.943,-52.935,-84.021
5.859,-41.391,-34.582
6.267,-80.584,-34.923
3.578,-91.589,-19.461
6.716,-111.956,-42.076
3.931,-57.236,-75.645
4.865,-38.105,-50.879
7.192,-43.358,-80.050
5.005,-34.775,-36.037
4.999,-36.570,-40.477
8.142,-108.507,-67.257
6.176,-115.216,-135.846
7.022,-117.644,-86.324
3.380,-48.779,-74.116
5.125,-41.671,-52.983
7.334,-120.011,-119.978
10.175,-73.329,-97.125
8.411,-119.097,-96.675
10.440,-46.032,-59.092
7.929,-47.799,-58.368
10.547,-106.085,-65.040
11.443,-53.816,-55.821
11.632,-101.977,-51.529
9.247,-116.337,-56.105
10.953,-113.357,-44.010
11.887,-48.164,-69.892
12.407,-112.715,-60.544
13.287,-110.377,-54.909
11.701,-42.026,-51.511
6.490,-41.635,-44.126
4.773,-52.536,-88.230
2.831,-54.094,-153.943
7.831,-50.501,-123.455
2.477,-31.591,-35.466
3.346,-31.673,-32.213
4.127,-83.734,-105.967
12.130,-55.787,-112.887
10.334,-57.291,-54.129
14.630,-54.749,-36.976
7.378,-41.609,-32.619
8.738,-56.579,-18.724
15.023,-34.516,-20.325
8.101,-27.110,-12.394
3.161,-19.723,0.940
2.725,-19.354,1.746
1.784,-19.493,1.031
9.124,-60.437,-5.368
19.375,-96.461,-28.101
19.769,-37.781,-29.597
3.432,-29.430,-25.046
4.147,-25.381,-13.115
5.200,-23.410,-9.063
5.171,-22.099,-3.354
12.662,-26.976,-8.074
14.387,-25.959,-10.474
5.292,-27.548,-22.923
10.053,-93.108,-24.876
18.912,-100.370,-54.291
15.914,-99.883,-33.851
4.927,-35.274,-34.578
18.646,-85.013,-6.200
19.062,-79.304,-10.177
22.384,-32.831,-34.306
22.836,-75.515,-27.175
24.769,-29.378,-18.116
22.616,-64.004,-3.976
6.478,-46.677,7.411
24.294,-1.066,11.117
19.850,-31.164,9.346
16.389,-2.263,7.927
22.014,-11.614,3.017
17.743,-24.902,-13.114
24.525,-71.708,-11.640
20.521,-29.192,-7.087
19.583,-76.180,-0.442
24.606,-30.494,3.684
23.600,-72.209,5.292
27.928,1.750,6.686
14.306,4.522,16.149
3.279,4.500,19.501
21.852,-60.916,6.258
28.715,-66.726,4.673
25.845,-58.809,10.036
24.155,18.365,14.701
18.299,21.493,31.225
111.343,22.816,15.938
205.826,-80.428,-17.195
215.154,-110.074,-95.449
229.194,-40.533,-68.817
240.894,-107.305,-43.189
183.594,-72.424,-41.805
277.953,-34.832,-73.370
36.127,-37.380,-73.650
63.873,-21.807,-8.033
194.375,-75.015,-47.518
279.041,-81.687,-28.756
285.522,-33.571,-62.743
35.866,-51.270,-70.826
44.950,-40.241,-44.343
156.139,-25.372,-25.608
77.338,-21.983,-13.670
175.901,-88.956,-38.335
204.193,-20.628,-31.790
65.690,-31.501,-13.724
259.161,-97.803,-108.205
273.762,-26.879,-53.849
291.691,-40.328,-33.658
270.408,-52.049,-15.513
299.925,-76.278,-31.631
293.313,-79.412,-38.738
292.316,-86.682,-78.070
270.086,-95.145,-110.740
296.699,-91.960,-86.079
254.677,-89.394,-109.469
170.580,-109.901,-115.361
274.741,-93.572,-84.696
277.449,-84.252,-103.442
212.336,-126.433,-196.413
256.388,-116.393,-138.562
276.476,-55.770,-130.146
213.048,-110.721,-174.415
265.116,-91.747,-267.761
289.439,-114.766,-267.793
305.941,-126.060,-221.472
146.295,-51.534,-170.846
129.908,-110.262,-149.159
275.295,-109.464,-219.592
200.408,-112.859,-132.088
298.933,-48.041,-122.226
211.408,-96.764,-103.102
180.363,-76.987,-65.791
118.206,-108.461,-74.200
265.994,-112.884,-83.398
264.697,-43.946,-103.721
225.255,-43.697,-165.363
32.416,-104.323,-137.566
157.862,-40.538,-112.731
34.288,-27.096,-28.734
55.517,-20.715,-7.809
179.651,-24.144,-30.195
66.055,-118.472,-154.070
284.904,-101.798,-73.091
218.161,-36.093,-66.912
77.223,-32.860,-57.395
209.083,-27.975,-55.005
167.545,-30.290,-34.931
88.512,-44.500,-88.081
247.773,-66.162,-166.259
151.803,-67.956,-70.602
128.653,-51.581,-154.618
90.571,-55.397,-166.619
182.693,-57.810,-57.156
217.827,-36.784,-99.285
50.093,-84.781,-85.869
83.816,-111.016,-85.027
149.900,-40.805,-66.962
191.598,-33.589,-72.718
212.528,-90.433,-141.290
140.640,-47.296,-107.147
215.944,-46.338,-98.150
95.599,-111.963,-131.783
244.240,-110.707,-116.672
240.514,-111.769,-132.114
214.990,-43.594,-104.282
101.498,-103.859,-103.532
130.990,-43.818,-116.091
121.352,-42.316,-44.042
121.610,-106.686,-65.994
136.251,-41.099,-88.140
29.906,-36.294,-76.032
54.872,-69.325,-19.387
124.021,-90.083,-28.791
116.675,-94.505,-30.827
221.198,-98.470,-57.154
156.404,-97.697,-54.671
108.542,-65.011,-52.067
132.084,-33.824,-89.655
13.900,-31.610,-40.224
46.100,-20.906,-31.713
17.346,-56.343,-35.081
88.247,-34.329,-38.477
95.608,-37.361,-60.378
81.664,-37.189,-63.678
145.597,-30.974,-35.983
15.444,-31.079,-32.990
52.094,-82.854,-29.649
168.889,-43.578,-61.337
127.305,-60.833,-58.210
33.812,-28.535,-27.132
121.045,-80.233,-34.457
140.757,-72.215,-32.074
94.687,-28.452,-16.996
134.943,-86.212,-23.679
68.188,-32.471,-35.228
35.356,-36.911,-45.158
39.920,-37.639,-46.768
58.621,-39.637,-50.884
83.201,-42.275,-51.154
38.060,-54.437,-41.110
109.742,-112.605,-106.113
143.049,-123.931,-110.768
122.494,-55.288,-121.237
23.158,-42.558,-78.577
16.812,-39.094,-46.232
11.161,-37.502,-27.423
96.940,-32.176,-36.797
25.530,-29.234,-42.153
29.584,-32.178,-38.386
23.487,-59.014,-26.365
50.217,-39.887,-51.559
55.543,-49.834,-62.268
54.669,-30.950,-41.219
57.272,-91.628,-67.368
106.876,-110.916,-123.263
100.586,-44.493,-76.349
22.306,-30.405,-23.727
16.340,-29.297,-29.152
10.043,-22.958,-14.396
71.284,-99.837,-58.261
90.870,-107.683,-83.294
88.985,-113.401,-102.871
73.560,-63.671,-60.866
9.361,-42.291,-38.200
65.975,-50.084,-86.414
10.763,-45.250,-74.400
33.075,-39.576,-70.953
5.933,-63.663,-35.247
72.177,-103.861,-65.426
70.181,-41.173,-86.863
48.313,-34.874,-48.698
9.770,-96.613,-59.731
62.734,-114.610,-193.139
27.196,-50.412,-80.929
55.566,-98.663,-132.409
41.397,-47.746,-130.488
46.519,-106.986,-73.530
49.410,-95.625,-91.867
50.392,-95.322,-69.596
37.537,-25.452,-12.385
44.007,-92.297,-13.538
41.551,-32.967,-13.872
17.310,-27.236,-7.608
16.821,-34.028,-24.249
29.770,-40.008,-36.471
19.976,-84.822,-48.440
34.542,-47.067,-47.864
30.124,-117.494,-65.050
34.442,-52.193,-58.614
4.091,-34.568,-35.888
1.529,-31.119,20.973
6.034,-82.311,-2.430
29.053,-91.858,-30.267
19.506,-33.073,-27.930
9.697,-17.539,26.217
10.056,-61.394,17.246
24.120,-78.745,3.411
10.753,-24.605,-9.154
12.683,-25.413,-12.805
2.612,-10.025,22.054
2.230,-17.430,7.010
2.494,-64.827,-0.700
18.223,-104.040,-36.203
17.555,-100.907,-42.935
8.301,-104.246,-40.858
0.706,-23.230,-8.348
0.072,-5.392,28.632
1.787,-0.792,26.962
0.338,7.324,60.518
1.513,-6.098,9.787
2.550,-70.851,-1.582
1.459,-101.473,-39.664
0.969,-40.304,-42.574
1.028,-45.720,-56.722
1.250,-110.182,-115.506
1.063,-115.598,-99.877
1.119,-54.411,-108.974
0.259,-30.727,-33.492
0.078,-8.554,9.750
0.044,7.218,19.906
0.075,-6.103,10.306
0.856,-103.830,-52.574
0.797,-119.951,-84.999
0.753,-103.007,-88.407
0.703,-129.036,-105.480
0.559,-65.203,-82.805
0.356,-46.007,-48.556
0.184,-106.360,-74.168
0.589,-113.403,-114.335
0.150,-49.623,-66.291
0.228,-47.104,-33.816
0.341,-53.012,-116.556
0.220,-98.033,-45.720
0.150,-36.112,-29.384
0.253,-50.008,-78.726
0.172,-47.653,-57.401
0.067,-22.960,-4.523
0.394,-81.666,-33.427
0.436,-128.813,-130.751
0.452,-71.045,-122.505
0.217,-50.823,-79.498
0.228,-51.214,-133.470
0.205,-58.833,-153.516
0.373,-133.974,-228.492
0.416,-134.975,-194.593
0.416,-127.574,-164.788
0.252,-82.350,-125.023
0.231,-111.827,-101.240
0.436,-133.210,-128.441
0.231,-44.928,-82.541
0.423,-29.166,-20.833
0.195,-35.489,-51.036
0.192,-36.664,-50.183
0.037,-21.326,-3.836
0.058,-45.688,-11.833
0.458,-56.741,-74.365
0.330,-69.169,-69.414
0.275,-52.848,-98.109
0.550,-124.911,-107.171
0.353,-102.923,-52.860
0.291,-55.590,-5.802
0.575,-82.594,-19.890
0.678,-81.305,-96.630
0.722,-95.453,-150.315
0.425,-76.221,-107.683
0.784,-80.034,-121.221
0.741,-94.108,-124.864
0.819,-114.949,-85.578
0.912,-120.500,-106.722
0.947,-53.814,-82.168
0.334,-32.148,-30.195
0.516,-79.968,-19.301
0.856,-35.772,-42.615
0.947,-25.648,-12.781
1.209,-66.574,-20.812
1.325,-69.023,-92.834
0.212,-109.177,-72.297
1.263,-55.287,-21.629
1.566,-105.116,-65.484
1.485,-58.102,-118.336
1.812,-124.295,-129.682
1.840,-127.038,-141.779
2.000,-129.386,-145.876
1.000,-54.750,-93.784
2.178,-115.032,-123.860
2.272,-100.842,-168.400
2.394,-65.712,-115.263
0.887,-49.966,-78.875
1.060,-73.839,-41.406
2.744,-128.870,-109.307
2.693,-60.015,-116.766
3.152,-127.461,-122.944
3.257,-77.962,-128.536
1.898,-81.331,-100.352
3.027,-78.538,-103.034
1.535,-61.765,-140.755
3.435,-74.907,-101.275
3.258,-128.003,-123.068
4.447,-82.123,-222.865
1.218,-65.222,-200.517
1.106,-53.248,-118.282
2.609,-111.220,-58.604
1.118,-49.844,-89.861
1.470,-23.501,-12.326
0.837,-86.461,-13.014
5.328,-42.748,-44.704
0.460,-28.515,-21.052
0.580,-44.374,-3.561
1.334,-33.209,-19.080
2.946,-26.404,-8.622
5.994,-77.833,-6.420
3.102,-28.426,-9.790
4.056,-31.548,-10.327
7.481,-44.062,-50.037
2.858,-113.257,-67.236
7.961,-122.132,-88.503
5.741,-62.262,-102.403
7.650,-117.520,-113.741
9.005,-66.453,-187.821
6.983,-85.053,-96.756
9.096,-40.133,-51.949
5.135,-47.184,-69.709
6.208,-27.899,-29.999
4.491,-24.585,-26.869
6.737,-40.662,5.150
10.431,-25.657,-20.604
7.708,-28.293,-17.254
11.331,-89.743,-17.460
11.292,-22.961,-8.881
9.377,-93.357,-22.156
9.675,-38.461,-32.742
11.991,-31.969,-22.986
7.935,-25.692,-11.428
3.244,-20.182,0.086
10.738,-23.096,-4.650
1.613,-24.667,-10.662
12.373,-74.171,-19.345
7.986,-45.879,-55.881
11.510,-49.882,-76.561
7.608,-43.628,-77.111
10.652,-60.749,-41.191
13.275,-79.048,-21.372
15.451,-17.471,0.874
14.850,-11.941,2.093
15.336,-7.057,2.805
16.493,-75.054,1.881
16.285,-11.169,2.092
11.182,-67.937,-5.065
14.977,-73.653,-54.241
5.596,-64.265,-52.673
17.500,-35.665,-28.360
9.082,-30.726,-19.513
7.050,-30.033,-26.776
17.963,-42.982,-0.892
19.363,-18.305,2.985
5.150,-10.170,5.931
18.727,-72.184,5.914
18.438,-75.516,4.423
19.259,-56.929,9.108
20.104,-52.740,4.757
6.267,-12.988,4.810
13.032,-61.355,2.788
21.505,-16.939,-3.551
15.220,-67.920,-0.510
23.009,-80.054,0.633
22.512,-75.369,1.781
23.310,-58.377,8.544
21.377,2.561,10.550
10.914,-83.078,-7.120
22.650,-76.712,-16.937
24.028,-18.001,-17.721
16.377,-82.122,-3.239
21.852,-93.704,-47.147
22.708,-99.343,-105.046
19.896,-106.475,-75.924
171.167,-108.573,-51.052
159.722,-109.099,-82.331
166.920,-50.450,-126.299
162.370,-122.649,-130.048
175.342,-43.287,-72.073
113.623,-38.607,-46.755
184.248,-40.088,-44.909
240.610,-36.310,-54.170
171.156,-116.970,-99.487
257.896,-122.183,-96.161
241.572,-48.630,-128.345
57.993,-45.125,-86.583
187.620,-36.678,-36.216
126.235,-48.677,-27.066
229.919,-18.546,-19.021
248.310,-18.307,-27.943
70.044,-30.478,-33.386
186.606,-88.966,-27.818
171.537,-90.170,-22.110
89.559,-38.499,-93.306
30.340,-30.755,-32.110
94.193,-24.374,-18.928
38.086,-23.736,-25.647
132.904,-28.556,-36.365
133.659,-76.255,-25.532
148.874,-43.199,-14.913
176.108,-76.434,-20.216
188.395,-76.504,-28.083
189.766,-40.845,-38.000
123.227,-91.265,-32.094
213.699,-52.740,-41.815
258.714,-34.987,-68.071
156.393,-104.527,-101.496
283.487,-74.444,-144.463
247.266,-39.956,-71.624
204.770,-28.078,-41.186
252.154,-35.905,-62.658
283.233,-112.030,-100.193
297.625,-123.467,-150.213
201.248,-58.067,-161.991
253.900,-46.426,-129.347
205.859,-54.572,-201.385
239.147,-110.192,-157.063
235.948,-116.640,-160.106
231.202,-44.224,-145.739
215.941,-97.998,-199.298
276.690,-117.164,-246.276
290.203,-65.803,-123.001
284.607,-115.449,-147.945
305.049,-97.663,-206.203
161.979,-106.495,-101.795
300.535,-80.952,-32.698
270.956,-78.625,-23.779
249.524,-68.440,-73.174
291.638,-29.423,-125.576
292.961,-88.783,-89.355
295.936,-84.501,-68.108
293.525,-89.362,-88.303
295.073,-74.184,-114.461
271.941,-85.873,-108.789
136.739,-81.996,-113.775
261.667,-40.164,-107.177
244.293,-48.622,-152.848
186.573,-50.576,-190.084
50.816,-61.780,-301.822
27.010,-51.595,-140.359
70.066,-89.152,-35.099
71.700,-34.038,-37.012
212.652,-37.555,-83.472
36.029,-47.129,-88.649
126.950,-61.574,-88.161
266.851,-63.388,-65.306
210.246,-97.531,-44.835
271.178,-31.319,-83.889
258.400,-107.911,-105.896
220.560,-103.887,-58.319
264.326,-95.297,-77.905
252.431,-38.929,-104.542
120.810,-43.632,-111.554
48.749,-88.351,-90.178
117.495,-97.701,-88.033
162.513,-46.852,-102.650
34.452,-84.770,-103.786
121.041,-40.059,-55.887
160.192,-41.457,-75.220
24.728,-55.677,-153.064
28.643,-47.937,-106.772
91.133,-41.928,-66.753
52.512,-38.642,-59.930
52.045,-38.111,-50.375
82.510,-34.659,-48.935
17.302,-37.890,-56.748
34.062,-89.732,-39.201
59.200,-36.523,-47.757
96.188,-31.016,-36.722
135.771,-25.647,-17.858
53.060,-22.524,-15.056
80.741,-29.805,-42.605
222.740,-27.919,-55.901
31.266,-32.501,-41.924
33.845,-22.707,-14.134
49.777,-20.925,-19.149
65.292,-21.270,-17.572
18.944,-64.937,-49.849
199.839,-79.889,-77.914
194.926,-41.590,-100.487
188.716,-40.569,-81.707
15.085,-29.035,-37.991
158.392,-94.661,-60.611
204.585,-89.534,-82.887
144.993,-26.408,-49.849
102.091,-106.693,-72.135
136.994,-102.009,-67.143
190.922,-43.447,-74.926
174.179,-74.515,-71.127
160.487,-29.222,-47.784
31.014,-38.864,-68.959
52.533,-37.096,-78.346
181.831,-117.706,-104.573
123.121,-45.758,-101.333
149.146,-80.572,-77.075
166.560,-37.814,-86.784
162.768,-38.312,-70.406
162.928,-98.594,-65.824
163.388,-100.678,-49.597
158.872,-100.752,-58.587
146.245,-36.456,-62.235
155.119,-96.110,-62.841
143.376,-37.574,-52.321
123.480,-45.706,-56.865
44.193,-43.141,-41.995
15.802,-51.093,-97.822
26.546,-69.810,-314.472
92.500,-111.371,-194.988
134.162,-122.974,-145.100
121.648,-125.405,-92.251
114.950,-58.174,-80.344
126.837,-71.730,-87.340
15.876,-49.656,-111.145
41.927,-32.519,-19.757
42.596,-49.494,-87.311
7.974,-46.068,-93.493
8.682,-18.138,1.595
110.585,-39.872,-86.430
20.314,-27.650,24.338
22.688,-12.776,6.178
21.277,-16.159,4.432
56.287,-19.659,-11.857
4.202,-9.827,11.075
44.936,-28.463,-41.588
9.824,-3.279,49.216
22.457,-63.976,-11.303
86.446,-97.994,-54.574
61.788,-82.566,-48.640
82.894,-91.025,-69.812
27.923,-56.506,-28.017
74.252,-27.248,-16.037
54.713,-35.212,-44.356
35.168,-23.161,-7.555
26.086,-47.512,-0.619
57.093,-17.790,-5.385
53.570,-96.963,-47.755
63.784,-113.223,-67.307
57.215,-68.619,-73.723
57.509,-51.611,-105.980
32.549,-85.331,-162.264
56.936,-131.918,-133.489
53.314,-119.638,-81.311
51.759,-46.956,-70.053
38.150,-73.484,-16.629
47.646,-107.443,-35.948
42.005,-47.302,-38.744
22.245,-29.911,-24.830
3.384,-20.747,-1.138
17.935,-41.845,-87.888
31.425,-100.443,-134.164
31.156,-49.963,-79.161
12.576,-48.548,-54.718
14.258,-113.920,-118.834
16.231,-116.227,-143.283
15.880,-123.298,-102.633
15.306,-64.013,-86.471
0.749,-48.107,-79.758
2.872,-38.878,-39.257
0.683,-36.458,-27.400
1.012,-21.052,-1.520
2.648,-79.758,-12.351
2.880,-25.116,-14.907
0.731,-17.271,6.059
0.566,-5.792,9.613
2.250,-95.659,-35.770
2.454,-42.631,-43.779
0.144,-16.057,6.974
0.866,-6.385,10.435
0.678,-25.510,-6.440
0.353,-23.996,-7.754
0.191,-21.462,-1.386
1.728,-100.608,-42.046
1.747,-107.348,-72.194
1.575,-114.271,-80.337
1.203,-107.928,-64.410
1.325,-25.929,-16.939
1.381,-104.157,-51.837
1.175,-43.512,-33.771
1.053,-40.058,-38.894
0.819,-8.648,25.412
1.053,-22.164,-13.252
0.725,-28.656,-30.282
0.984,-32.311,-32.430
0.137,-75.233,19.903
0.644,-22.727,-17.836
0.828,-66.895,-16.263
0.337,-30.557,-28.678
0.106,-22.054,-3.959
0.325,-33.935,-25.881
0.222,-30.429,-25.256
0.056,-1.545,44.838
0.375,-19.548,6.462
0.222,-20.457,-0.515
0.228,-89.906,-15.248
0.553,-98.199,-46.116
0.525,-38.173,-43.213
0.237,-33.926,-34.638
0.091,-32.236,-34.438
0.084,-27.023,-13.162
0.452,-99.207,-43.009
0.433,-59.838,-59.890
0.441,-85.639,-64.376
0.223,-39.134,-29.288
0.394,-119.127,-62.581
0.403,-98.190,-103.532
0.419,-34.769,-47.809
0.272,-81.862,-117.959
0.428,-79.617,-178.217
0.366,-111.250,-90.439
0.425,-56.285,-41.578
0.384,-50.072,-48.099
0.027,-92.820,-27.815
0.403,-35.361,-43.998
0.025,-23.995,-8.833
0.403,-122.018,-105.337
0.072,-116.428,-89.203
0.345,-43.897,-66.017
0.362,-18.857,-0.604
0.441,-83.817,-3.400
0.480,-112.880,-97.198
0.191,-47.690,-88.983
0.125,-89.858,-26.364
0.559,-108.619,-116.153
0.328,-41.552,-61.133
0.178,-24.264,-13.976
0.587,-112.208,-136.252
0.709,-133.220,-182.017
0.400,-70.912,-133.210
0.231,-33.726,-34.573
0.266,-32.276,-33.719
0.163,-33.340,-34.825
0.603,-48.280,-51.043
0.938,-84.940,-110.387
0.978,-73.203,-159.265
1.075,-130.794,-196.770
0.334,-121.877,-155.987
1.187,-77.496,-233.540
0.716,-64.929,-198.096
0.353,-49.471,-131.711
0.391,-51.082,-80.236
0.900,-84.757,-107.444
1.294,-137.026,-261.986
1.610,-133.645,-154.870
1.634,-113.767,-80.566
1.737,-91.385,-61.320
1.822,-113.309,-69.916
1.963,-61.868,-104.544
2.016,-60.608,-117.291
0.406,-101.774,-69.945
1.381,-55.064,-72.553
0.366,-100.982,-49.221
2.150,-85.122,-53.011
1.269,-29.951,-29.952
1.010,-27.462,-16.566
0.748,-41.488,-70.305
0.638,-67.747,-271.741
2.177,-139.543,-309.264
3.412,-81.155,-333.538
1.567,-78.531,-274.546
3.837,-136.974,-234.333
3.755,-54.691,-83.603
3.624,-58.948,-107.575
2.078,-54.689,-125.909
1.284,-43.733,-80.262
1.067,-99.829,-50.933
4.787,-62.706,-107.683
1.389,-38.769,-52.553
5.307,-62.634,-154.356
3.384,-54.948,-90.943
1.559,-22.416,-6.035
0.244,-19.216,2.892
0.560,-53.627,-0.443
1.201,-101.304,-39.431
6.587,-122.737,-112.049
3.826,-56.817,-161.377
1.911,-60.244,-142.056
4.676,-118.291,-91.663
7.348,-72.980,-54.282
1.870,-101.257,-36.327
7.407,-36.564,-35.237
2.242,-30.902,-21.546
1.142,-33.411,-4.942
7.795,-26.887,-17.169
1.670,-29.672,-11.511
1.047,-24.667,-13.088
9.266,-83.936,-31.489
6.638,-100.564,-49.856
10.167,-36.521,-37.605
3.979,-75.397,-17.141
4.503,-35.156,-43.012
7.988,-25.470,-11.786
9.089,-74.726,-22.622
9.634,-61.944,-66.827
11.117,-105.668,-71.544
12.095,-116.052,-75.296
8.039,-54.771,-56.722
5.759,-34.487,-35.337
1.622,-32.490,-41.578
7.187,-32.870,-26.247
8.078,-19.769,0.946
13.715,-20.232,-2.210
3.001,-84.955,-4.520
14.456,-97.508,-33.653
14.340,-42.247,-13.345
13.125,-69.655,-15.593
15.197,-93.073,-21.705
12.639,-102.176,-42.417
15.613,-88.085,-11.654
12.512,-22.807,-10.456
7.934,-28.992,-13.296
13.310,-115.148,-84.511
13.877,-120.158,-67.251
15.000,-123.958,-81.830
16.736,-61.812,-69.399
7.134,-36.614,-59.194
2.432,-20.595,-1.024
1.641,-17.408,5.426
10.469,-85.773,-14.957
16.852,-27.759,-34.953
16.076,-29.109,-25.174
2.000,-21.189,-3.022
7.725,-6.891,9.989
1.600,-14.120,18.890
8.001,-82.076,1.221
16.007,-84.983,-8.306
18.773,-94.465,-40.428
18.356,-29.007,-27.315
19.502,-19.292,-6.546
5.716,-28.118,-20.082
19.537,-89.860,-13.112
18.125,-21.117,-4.481
3.169,-20.824,-1.547
3.123,-2.507,27.193
10.686,3.104,16.107
7.895,0.421,20.476
4.947,-1.708,16.736
20.127,-6.153,6.309
16.447,-12.038,1.743
19.896,-90.071,-28.803
24.144,-94.782,-52.822
22.697,-68.086,-8.435
25.498,-84.237,-1.964
25.463,-12.494,1.580
11.840,-25.527,-35.098
9.628,-31.327,-56.616
6.983,-32.609,-70.226
7.603,-31.670,-53.162
11.265,-86.767,-17.241
19.780,-29.098,-11.130
154.312,-24.537,-13.148
229.791,-46.080,-78.750
91.071,-54.561,-97.581
249.331,-42.596,-53.672
34.257,-47.331,-108.250
46.574,-30.699,-36.324
33.245,-32.621,-37.900
29.937,-38.021,-42.669
96.652,-34.034,-37.757
40.851,-27.749,-13.647
48.042,-21.374,-3.779
211.202,-95.452,-41.050
234.141,-39.036,-74.331
201.460,-100.373,-54.863
285.105,-61.636,-60.243
57.784,-43.362,-62.081
235.988,-57.012,-67.600
90.042,-34.269,-66.330
48.859,-17.181,3.175
26.347,-18.511,0.557
262.702,-51.845,-17.465
240.661,-33.668,-22.271
164.181,-27.305,-26.525
267.476,-38.251,-68.041
268.561,-128.315,-169.734
269.105,-59.882,-113.368
187.624,-132.625,-199.007
269.217,-62.883,-191.938
264.243,-130.146,-154.573
256.099,-117.365,-85.167
222.031,-60.905,-49.247
261.112,-104.319,-88.895
198.668,-52.500,-184.792
47.515,-49.554,-154.947
97.303,-99.953,-49.632
221.058,-83.835,-40.596
208.165,-32.851,-31.270
91.984,-96.069,-38.936
110.773,-41.060,-73.930
133.200,-35.696,-49.246
103.097,-55.672,-223.167
274.094,-61.575,-107.868
191.901,-104.269,-55.023
301.970,-37.911,-84.249
260.078,-48.899,-135.577
44.691,-39.562,-105.443
75.636,-25.627,-35.031
152.858,-29.510,-77.380
289.905,-108.141,-137.107
224.243,-88.131,-111.003
85.825,-43.809,-85.011
142.596,-40.605,-105.054
36.006,-37.722,-71.309
58.961,-60.500,-24.127
122.234,-20.257,-37.931
47.373,-35.738,-31.414
237.703,-81.615,-26.236
293.304,-100.883,-89.487
282.428,-88.945,-68.012
233.224,-52.458,-45.946
269.883,-56.560,-66.161
261.336,-31.097,-60.347
272.266,-101.709,-111.653
269.871,-48.860,-146.267
124.682,-71.939,-174.562
231.707,-56.266,-244.157
180.549,-56.986,-197.922
158.256,-55.565,-99.862
164.527,-49.896,-92.578
23.563,-61.975,-229.027
32.156,-53.979,-100.160
118.648,-109.089,-82.840
271.337,-41.950,-92.067
149.789,-43.559,-103.135
35.737,-43.498,-70.706
186.523,-32.374,-57.199
28.730,-34.393,-41.096
107.946,-91.760,-59.389
65.641,-43.030,-67.734
115.318,-42.610,-84.748
202.692,-42.177,-57.574
146.554,-41.754,-47.534
206.338,-44.936,-59.547
88.191,-47.526,-64.268
73.523,-106.005,-67.265
60.353,-51.611,-48.294
85.798,-43.250,-72.817
33.551,-58.323,-87.817
105.855,-51.060,-122.954
220.447,-54.609,-134.728
35.401,-81.158,-73.452
129.122,-71.694,-32.830
92.972,-34.594,-54.223
27.296,-37.326,-88.522
32.964,-94.610,-35.526
215.747,-35.972,-50.917
157.503,-34.941,-56.430
19.455,-35.354,-40.992
45.277,-35.511,-57.335
18.890,-34.774,-54.119
102.103,-35.619,-50.094
190.651,-37.042,-61.019
46.281,-36.400,-51.907
40.517,-39.906,-73.797
18.933,-37.215,-46.688
36.932,-41.429,-42.821
29.340,-36.993,-45.788
41.467,-34.608,-37.475
36.495,-34.171,-42.560
66.573,-35.604,-30.221
26.827,-48.302,-32.964
32.030,-33.465,-25.392
77.954,-31.031,-19.262
22.249,-30.033,-13.934
50.400,-32.494,-27.134
59.511,-32.480,-42.167
44.262,-28.306,-22.085
121.018,-33.581,-37.935
35.340,-94.068,-46.619
136.888,-61.627,-79.247
141.059,-104.114,-55.391
90.760,-56.863,-59.168
52.742,-26.991,-38.035
74.783,-89.672,-54.389
116.390,-39.307,-126.592
132.990,-47.764,-119.889
128.131,-52.126,-84.833
30.965,-52.943,-124.429
12.835,-53.207,-188.330
8.567,-53.218,-188.167
27.944,-53.251,-172.212
108.001,-48.937,-93.707
6.264,-33.762,-49.911
33.320,-46.536,-8.944
13.214,-24.923,-11.217
36.429,-26.801,-10.411
22.003,-28.716,-17.540
12.855,-32.471,-29.091
11.855,-32.866,-35.814
40.441,-35.601,-27.077
20.003,-39.346,-42.071
17.835,-45.428,-119.318
35.571,-40.148,-48.763
54.516,-34.672,-20.875
26.668,-96.228,-50.508
38.610,-39.900,-78.358
16.301,-34.963,-30.038
8.494,-32.981,-36.938
7.132,-22.870,-6.789
18.313,-17.315,0.655
12.113,-25.189,-11.395
45.093,-31.213,-25.770
55.446,-34.894,-69.386
60.197,-97.193,-108.409
32.684,-106.271,-75.718
47.577,-49.249,-70.802
45.983,-41.806,-50.436
9.981,-39.736,-69.700
3.784,-37.537,-42.131
49.497,-46.399,-44.595
47.282,-48.596,-104.247
46.387,-75.737,-91.786
44.529,-90.635,-81.043
16.733,-37.797,-40.334
3.284,-15.844,2.828
12.312,-16.778,4.833
14.720,-18.082,4.455
4.035,-10.616,14.054
4.803,-18.220,2.440
3.343,-18.277,3.430
6.040,-26.838,-7.470
19.390,-36.206,-17.975
29.459,-109.950,-55.681
28.267,-39.761,-34.148
1.549,-21.872,-2.271
3.697,-28.484,-24.500
11.077,-31.325,-22.228
1.951,-61.695,-2.388
23.363,-117.016,-85.719
10.005,-106.860,-84.097
4.312,-49.950,-56.497
0.278,-30.863,-21.878
0.341,1.098,21.483
0.191,4.895,28.516
1.513,0.944,12.187
2.338,-3.204,10.094
1.725,-10.046,5.086
0.675,-9.027,6.476
1.525,-16.287,4.661
2.050,-23.771,-3.389
0.762,-26.933,-8.939
0.794,-68.154,-28.430
1.347,-102.764,-65.251
1.338,-103.641,-81.957
1.272,-106.251,-71.206
0.800,-63.735,-71.603
0.625,-31.718,-32.141
0.831,-32.143,-17.448
0.100,-20.595,-0.473
0.087,-14.592,2.626
0.094,-18.106,2.022
0.537,-30.514,-19.704
0.219,-37.609,-51.763
0.328,-42.751,-99.027
0.756,-54.375,-164.058
0.266,-99.971,-193.413
0.678,-67.823,-203.752
0.531,-100.379,-54.796
0.292,-56.381,-87.393
0.519,-34.391,-31.110
0.536,-94.945,-33.859
0.530,-35.019,-35.390
0.442,-89.847,-39.660
0.155,-41.770,-61.893
0.288,-50.245,-69.249
0.423,-115.381,-83.079
0.477,-119.640,-122.225
0.423,-129.521,-173.669
0.417,-136.872,-199.847
0.437,-136.352,-240.654
0.409,-133.021,-172.087
0.409,-138.921,-227.444
0.400,-137.069,-247.278
0.331,-135.620,-241.481
0.400,-139.038,-170.313
0.397,-136.137,-154.307
0.175,-75.562,-148.431
0.298,-108.106,-68.452
0.403,-107.484,-59.730
0.400,-41.628,-58.300
0.222,-69.979,-18.926
0.381,-41.807,-55.962
0.306,-116.133,-85.017
0.466,-135.454,-124.162
0.484,-117.913,-105.412
0.487,-112.887,-93.675
0.503,-103.284,-99.963
0.553,-125.515,-102.901
0.572,-124.241,-113.285
0.253,-65.929,-110.132
0.459,-61.417,-95.910
0.631,-137.818,-124.547
0.291,-64.918,-99.315
0.087,-32.150,-29.757
0.084,-43.924,-64.395
0.794,-127.879,-114.948
0.434,-68.241,-113.369
0.419,-67.502,-113.049
0.191,-38.227,-45.420
0.378,-35.905,-33.824
0.575,-35.235,-36.950
0.231,-21.508,-2.115
1.125,-31.627,-27.597
1.144,-64.793,-15.376
1.275,-40.092,-67.474
1.325,-121.814,-180.024
1.422,-133.797,-153.751
1.535,-139.094,-174.870
1.503,-78.352,-135.273
0.634,-78.882,-98.198
1.744,-72.963,-142.716
1.932,-138.915,-186.335
2.009,-75.161,-168.181
2.079,-123.095,-267.308
2.075,-144.571,-195.769
2.403,-120.955,-234.169
2.503,-150.732,-167.484
2.513,-83.101,-227.888
2.759,-135.491,-167.522
2.738,-66.376,-124.106
2.611,-49.530,-91.186
1.574,-107.134,-62.957
2.497,-52.629,-57.232
0.999,-49.488,-71.094
2.867,-48.142,-41.888
1.322,-55.233,-86.258
2.922,-71.446,-89.881
1.088,-56.947,-104.886
1.338,-60.953,-161.837
4.499,-144.953,-165.296
4.609,-138.545,-191.876
4.031,-58.972,-124.194
4.137,-98.749,-45.035
5.031,-121.456,-128.918
2.447,-132.119,-126.566
5.675,-130.313,-139.619
5.941,-140.512,-128.215
6.012,-131.437,-115.685
6.319,-133.382,-140.070
6.045,-135.644,-127.066
6.280,-72.983,-115.818
6.557,-120.602,-108.977
5.588,-126.885,-102.667
7.625,-119.403,-153.826
6.666,-112.443,-157.821
8.159,-73.479,-153.300
8.022,-70.628,-141.789
7.170,-62.819,-57.561
3.770,-118.146,-56.221
6.498,-112.555,-63.351
9.266,-44.258,-56.888
8.814,-84.736,-30.228
4.406,-45.406,-48.824
2.424,-37.400,-36.115
10.428,-112.328,-67.811
10.243,-53.354,-62.542
6.856,-47.206,-59.073
2.209,-46.355,-90.270
5.394,-46.844,-104.007
3.346,-59.547,-172.544
8.102,-129.503,-221.374
12.731,-129.397,-156.382
11.516,-40.460,-63.092
11.829,-90.743,-19.925
12.350,-32.542,-46.192
11.572,-106.939,-53.868
13.356,-46.946,-35.005
12.824,-95.278,-29.515
14.641,-32.441,-34.284
8.913,-33.165,-30.455
12.593,-31.760,-17.463
9.078,-25.738,-11.065
3.030,-18.754,2.550
3.353,-74.443,17.809
15.417,-101.338,-52.490
16.782,-44.659,-56.119
10.044,-17.889,0.959
12.708,-29.278,20.308
13.831,-48.599,15.222
17.488,-59.182,12.392
17.975,-25.642,16.276
16.597,-93.259,-47.762
13.681,-43.589,-89.295
11.713,-85.041,-62.671
15.116,-34.591,-47.668
10.814,-13.955,4.973
19.919,-61.591,11.261
20.671,-64.331,9.278
17.928,-69.828,6.108
19.190,-43.526,16.355
20.764,-50.874,20.165
21.181,-26.821,21.655
5.203,6.480,12.046
4.475,-5.896,11.383
11.051,-7.116,4.806
20.475,-10.610,1.142
11.175,-12.704,2.473
22.303,-63.485,2.890
23.773,-2.237,2.156
10.184,-16.001,8.659
18.704,0.668,7.040
10.003,-18.348,-17.186
5.065,-23.343,-20.281
12.789,-17.597,6.930
5.137,-0.374,12.177
2.560,6.229,7.184
3.650,19.281,15.204
12.986,11.633,19.537
75.046,-18.427,-17.126
98.380,-82.916,-5.680
63.704,-16.538,-2.920
58.881,-89.844,-16.664
190.643,-23.095,-19.505
159.067,-17.711,-12.542
25.446,-49.607,1.874
79.799,-25.068,-15.349
75.278,-19.883,-4.820
64.165,-53.529,-4.254
70.022,-27.356,-26.994
43.880,-27.728,-36.708
119.806,-20.807,-14.428
164.927,-11.903,-4.522
114.460,-20.075,-9.198
46.662,-0.765,12.096
30.568,-92.791,-34.350
268.292,-40.848,-51.765
187.489,-55.482,-47.301
184.321,-34.389,-50.340
38.130,-38.392,-54.171
36.008,-59.793,-110.865
143.268,-104.133,-88.574
286.967,-105.114,-63.512
287.510,-102.797,-49.001
274.090,-31.438,-61.153
111.862,-35.759,-68.324
245.155,-113.116,-83.071
260.114,-109.245,-72.609
267.905,-72.129,-74.350
290.530,-34.538,-82.857
233.252,-39.981,-85.848
233.182,-35.381,-74.874
255.308,-62.447,-75.228
85.790,-44.672,-71.293
188.588,-31.212,-48.090
287.501,-95.445,-88.012
294.088,-36.880,-133.278
278.857,-135.990,-195.141
240.620,-77.054,-144.502
207.814,-76.650,-63.328
250.450,-19.867,-36.541
257.739,-33.768,-73.867
298.449,-87.662,-34.691
296.686,-68.217,-15.670
295.256,-34.971,-1.943
270.305,-37.641,-0.391
218.399,10.445,2.474
179.069,5.059,1.927
155.897,-16.113,-8.562
251.319,-105.732,-100.422
292.514,-35.045,-54.270
125.459,-45.153,-69.353
252.788,-83.494,-100.335
237.413,-72.458,-62.078
213.488,-81.677,-66.119
185.877,-101.494,-66.464
274.106,-117.770,-161.947
190.064,-121.149,-126.295
84.818,-101.800,-116.004
63.064,-68.505,-89.806
53.455,-46.183,-58.282
222.064,-39.237,-96.077
97.665,-96.564,-98.011
201.698,-103.058,-77.388
221.674,-32.600,-72.549
143.015,-97.444,-75.312
79.436,-63.768,-56.108
157.361,-39.418,-69.292
98.475,-36.300,-42.465
178.028,-81.168,-40.237
123.202,-31.036,-59.502
54.148,-31.647,-46.770
107.857,-34.776,-57.791
186.514,-95.368,-99.619
255.661,-32.717,-68.056
164.282,-23.519,-53.651
156.390,-87.103,-76.393
116.639,-109.976,-127.343
267.934,-113.973,-118.722
163.922,-102.765,-83.786
242.401,-39.913,-91.537
159.147,-36.557,-82.473
167.298,-33.588,-64.999
213.570,-31.364,-66.997
95.497,-87.129,-24.912
160.236,-30.088,-45.510
59.153,-36.855,-40.118
84.871,-111.718,-155.131
142.331,-48.344,-135.639
81.758,-106.250,-92.049
182.079,-95.065,-100.325
233.438,-47.100,-91.621
22.564,-48.077,-95.646
63.009,-109.924,-123.017
214.433,-77.294,-105.342
78.408,-79.096,-97.539
167.151,-100.828,-98.866
184.562,-105.097,-105.207
221.545,-39.012,-83.981
127.351,-38.650,-69.261
114.179,-36.044,-102.367
22.152,-40.758,-63.561
31.071,-41.957,-43.294
33.910,-46.192,-92.453
58.938,-38.777,-69.026
71.152,-35.350,-81.978
125.232,-37.995,-123.441
169.017,-106.465,-110.817
176.536,-111.946,-87.446
151.797,-42.570,-67.570
24.512,-39.528,-44.788
44.986,-74.864,-59.479
50.823,-50.605,-138.438
184.351,-64.827,-181.132
82.911,-40.748,-64.904
141.708,-36.747,-58.679
132.006,-28.706,-45.047
75.860,-30.878,-29.587
74.312,-35.064,-40.135
70.003,-104.768,-92.473
53.064,-51.862,-133.073
14.368,-41.345,-65.909
54.213,-32.501,-33.227
39.325,-29.249,-33.069
147.604,-100.440,-87.831
148.875,-43.559,-99.714
96.261,-79.628,-20.178
135.957,-21.607,-52.520
123.933,-107.472,-125.664
138.214,-81.552,-123.750
107.100,-42.761,-95.579
46.368,-32.009,-36.537
116.040,-48.157,-20.479
50.432,-35.536,-18.182
111.378,-25.535,-8.305
98.460,-32.339,-11.648
83.316,-38.047,-42.247
23.713,-97.158,-64.181
95.302,-74.000,-49.700
107.830,-27.813,-43.831
75.147,-46.588,-30.684
23.653,-32.923,-33.315
24.756,-27.474,-14.223
12.214,-14.776,16.991
61.068,-55.475,-44.435
59.782,-112.230,-105.565
87.330,-122.846,-75.322
74.342,-54.122,-75.942
45.010,-32.130,-51.416
66.483,-94.635,-70.355
82.487,-38.087,-103.105
65.437,-45.272,-50.961
72.659,-121.695,-128.488
71.184,-93.229,-72.698
17.443,-34.317,-32.392
40.554,-28.192,-16.472
11.787,-22.057,-5.354
10.136,-23.499,-10.443
43.914,-27.606,-16.324
56.255,-40.315,-28.378
12.045,-29.075,-18.282
8.671,-16.477,6.702
33.456,-10.565,4.232
9.528,-7.234,22.146
52.383,-98.265,-40.056
43.990,-115.405,-57.573
43.402,-53.911,-77.750
38.574,-99.372,-72.914
45.575,-92.388,-59.346
37.880,-34.838,-45.617
9.979,-16.419,-1.390
29.650,-23.844,-16.727
34.819,-113.107,-78.445
33.615,-101.884,-76.208
31.029,-37.230,-40.853
31.467,-38.393,-30.915
2.892,-7.316,8.874
4.401,-60.273,20.236
29.770,-95.509,-29.122
3.249,-26.612,-22.642
25.180,-98.847,-71.443
25.308,-29.337,-44.122
6.508,-29.951,-17.125
17.232,-70.726,-47.059
11.485,-38.971,-39.089
6.472,-63.534,-35.940
0.778,-32.874,-22.019
0.947,-28.162,-19.356
2.397,-33.505,-38.950
2.184,-86.168,-8.532
1.737,-95.238,-46.402
2.094,-38.811,-84.966
1.287,-92.921,-33.971
1.809,-81.877,-0.299
1.715,-21.195,-4.356
0.153,-72.168,19.339
1.566,-31.330,-19.185
1.494,-28.731,-25.694
0.250,-26.313,-23.459
1.378,-40.746,-74.585
0.219,-43.743,-69.155
0.472,-72.951,-49.486
1.044,-47.757,-76.238
1.069,-94.926,-82.296
0.522,-47.072,-61.360
0.062,-73.334,-28.189
0.887,-27.548,-17.376
0.134,-12.550,16.653
0.031,-1.696,16.151
0.156,-6.143,22.790
0.388,-10.422,9.168
0.431,-32.781,-21.083
0.119,-3.671,27.487
0.097,-8.475,27.248
1.463,-6.098,14.257
0.850,-18.293,3.298
1.438,-35.617,-30.503
0.281,-104.481,-55.223
0.531,-127.170,-126.818
0.481,-133.800,-110.746
0.428,-95.424,-73.474
0.331,-119.724,-64.966
0.353,-58.869,-85.167
0.202,-83.424,-53.907
0.427,-122.133,-116.831
0.409,-133.122,-132.716
0.412,-98.071,-151.994
0.145,-40.952,-62.438
0.116,-15.870,3.704
0.283,-11.486,6.237
0.172,-86.189,-7.282
0.394,-13.708,3.002
0.206,-78.774,4.756
0.328,-21.838,-8.234
0.145,-63.714,9.392
0.437,-27.989,-20.134
0.044,3.190,23.793
0.287,-47.846,17.545
1.744,-102.255,-49.472
0.303,-49.463,-45.553
0.019,-21.872,-2.569
0.125,-25.561,-11.015
0.225,-29.650,-13.634
0.131,-34.482,-34.914
0.338,-36.404,-51.130
0.206,-47.160,-73.493
0.603,-78.074,-81.530
0.300,-62.495,-76.491
0.081,-33.684,-52.800
0.109,-24.040,-10.439
0.106,-21.781,-2.895
0.497,-92.322,-30.329
0.791,-50.750,-62.001
0.047,-24.086,-8.647
0.381,-94.258,-22.176
0.937,-59.710,-77.932
0.175,-26.405,-17.844
0.709,-35.401,-33.912
1.144,-52.371,-96.342
1.087,-55.426,-97.374
0.944,-92.517,-42.249
1.106,-19.863,-0.825
1.400,-92.359,-29.301
1.509,-43.908,-46.222
1.572,-50.336,-59.398
1.097,-28.556,-31.133
0.156,-18.384,5.282
0.312,-18.708,3.734
0.147,-18.059,4.907
0.128,-18.477,3.871
0.228,-17.035,4.296
0.922,-29.431,-17.524
0.828,-26.005,-13.748
0.366,-20.732,-1.192
0.619,-24.623,-7.382
0.832,-29.257,-27.969
0.179,-23.431,0.490
1.854,-85.904,-9.877
3.049,-93.757,-25.355
3.267,-98.994,-65.398
3.228,-31.199,-29.310
3.469,-93.792,-23.623
3.701,-104.377,-52.430
3.631,-39.122,-45.231
3.300,-27.284,-18.509
2.618,-48.133,-87.434
2.079,-50.505,-117.960
1.957,-53.280,-125.319
2.672,-48.637,-104.551
1.929,-48.030,-84.972
3.411,-68.370,-42.971
2.858,-52.834,-47.494
1.398,-46.328,-64.232
5.757,-98.858,-32.072
4.537,-96.485,-21.680
5.557,-40.011,-34.009
5.028,-92.717,-18.389
5.977,-90.214,-16.852
5.037,-96.062,-42.970
4.647,-27.419,-21.583
5.166,-30.293,-33.340
2.160,-98.787,-132.199
7.854,-134.893,-156.630
8.221,-123.616,-114.048
8.395,-120.547,-86.628
2.983,-119.164,-81.564
8.012,-57.462,-100.306
7.617,-107.576,-68.809
8.779,-33.078,-31.602
1.395,-31.593,-38.579
0.998,-21.098,-1.476
7.292,-23.908,-14.289
10.713,-26.807,-20.515
2.980,-90.941,-14.296
9.252,-64.315,-38.280
9.690,-103.712,-32.042
6.666,-98.382,-37.578
11.348,-93.792,-33.826
9.427,-56.292,-45.317
11.574,-100.876,-29.576
12.593,-36.523,-38.908
5.147,-95.312,-29.743
13.113,-64.768,-29.481
10.229,-14.780,6.119
4.069,-13.175,20.631
1.203,-83.526,-1.848
5.904,-75.869,-32.251
13.449,-94.093,-47.927
11.510,-32.804,-30.837
4.383,-40.820,-72.362
8.655,-103.603,-91.928
16.516,-61.268,-109.540
11.991,-80.657,-119.492
7.560,-94.088,-100.394
9.854,-39.247,-44.176
15.359,-103.284,-37.434
16.100,-81.101,-34.025
13.137,-77.389,-27.106
15.833,-68.608,-19.910
9.337,-40.018,-23.355
13.472,-33.077,-31.830
2.720,-26.757,-24.260
14.965,-19.310,0.796
6.898,-74.558,11.864
19.850,-75.751,3.726
20.579,-26.428,3.591
19.931,-0.424,8.658
6.574,2.282,10.610
18.866,-41.041,8.762
18.229,-60.445,10.745
21.713,-14.953,13.950
16.019,-79.186,0.726
19.028,-24.851,-37.614
19.664,-19.318,-9.948
23.542,-73.456,2.258
23.912,2.223,5.589
11.701,7.893,10.429
8.766,12.216,15.965
14.456,-10.856,4.496
18.171,-30.713,4.858
6.716,-44.509,9.202
25.718,-78.865,0.672
25.648,-67.535,5.942
25.880,-57.763,6.061
26.123,-51.236,16.621
26.597,-48.056,14.443
25.556,20.456,14.672
22.813,-24.881,32.816
4.318,-34.728,24.360
26.088,-50.241,13.810
26.215,-43.716,18.548
22.211,26.496,26.795
49.537,-8.843,26.076
69.120,47.385,25.342
95.139,-42.937,19.211
115.046,26.862,12.825
31.963,8.088,10.689
27.986,2.590,10.092
43.856,-15.484,12.257
53.889,15.855,14.732
89.781,7.175,13.721
127.894,-11.922,-1.764
79.455,-87.924,-20.675
278.617,-36.887,-69.017
164.193,-101.728,-51.328
276.855,-104.706,-49.999
275.751,-39.235,-64.610
183.981,-47.526,-93.408
190.083,-36.784,-120.931
218.038,-29.688,-52.087
33.766,-45.517,-149.341
256.325,-120.248,-197.758
205.367,-37.468,-60.385
28.533,-27.976,-31.218
142.813,-86.830,-26.764
244.615,-25.000,-44.097
49.719,-35.989,-85.527
260.025,-29.043,-63.767
90.539,-36.389,-47.513
219.703,-58.906,-59.360
52.033,-41.560,-83.431
46.385,-100.397,-72.465
290.784,-34.378,-71.147
239.985,-39.018,-75.020
59.233,-46.709,-105.797
265.650,-38.158,-90.645
202.061,-117.657,-104.422
176.099,-78.751,-86.412
226.045,-41.047,-88.131
265.545,-107.584,-139.727
209.199,-113.838,-135.730
281.894,-111.175,-143.324
295.804,-40.260,-89.219
49.655,-47.548,-115.559
31.546,-37.566,-61.234
81.394,-32.780,-48.667
135.827,-33.858,-51.471
82.475,-71.441,-146.967
242.862,-27.698,-87.938
212.785,-24.809,-57.505
184.468,-74.344,-38.747
285.963,-94.763,-60.270
142.915,-38.920,-74.112
145.308,-99.901,-116.899
242.601,-59.740,-130.527
215.050,-54.743,-130.159
153.704,-83.550,-101.657
91.754,-53.771,-145.491
26.988,-42.561,-110.164
247.376,-60.166,-109.260
165.625,-59.605,-101.153
45.004,-37.872,-78.748
30.752,-40.350,-72.884
54.952,-34.920,-55.854
44.189,-38.238,-77.308
33.527,-50.145,-184.676
244.242,-104.582,-131.461
247.487,-33.497,-60.730
211.620,-94.831,-65.703
177.844,-47.150,-96.657
131.107,-42.774,-75.649
102.313,-45.618,-121.405
125.720,-100.868,-140.597
165.417,-44.723,-125.697
85.048,-47.462,-123.172
186.548,-106.141,-96.759
229.707,-111.048,-111.744
251.843,-68.115,-113.702
71.089,-52.685,-79.680
142.695,-92.627,-63.989
142.024,-42.123,-80.639
14.911,-44.667,-83.531
62.280,-42.965,-38.837
87.314,-38.605,-70.619
138.202,-97.409,-61.158
238.010,-59.285,-145.620
233.452,-114.527,-156.327
147.602,-45.433,-65.311
29.068,-61.111,-34.922
122.903,-52.754,-47.673
26.991,-44.009,-89.403
44.785,-45.310,-86.660
41.668,-50.794,-66.855
33.312,-51.081,-73.561
110.932,-48.209,-93.376
140.125,-45.583,-94.333
182.429,-113.520,-114.038
213.770,-46.628,-83.394
108.022,-41.266,-75.662
59.944,-48.023,-181.850
70.168,-51.342,-94.425
51.863,-47.207,-73.352
153.477,-69.243,-62.366
142.320,-44.288,-50.655
58.268,-76.222,-49.638
111.877,-78.613,-66.445
79.111,-83.138,-106.096
150.036,-43.413,-111.775
185.329,-43.196,-93.425
155.552,-43.851,-110.511
92.631,-31.202,-54.326
78.426,-49.650,-40.207
104.634,-40.413,-32.448
62.409,-35.376,-64.502
87.107,-36.899,-107.311
162.883,-102.611,-95.524
141.076,-31.630,-64.057
14.987,-22.605,-15.568
13.509,-86.600,-20.221
151.976,-98.252,-44.712
143.105,-28.478,-40.674
105.453,-92.401,-37.067
141.482,-90.556,-87.235
134.103,-98.009,-44.750
138.667,-53.259,-35.483
96.185,-92.687,-45.629
121.545,-73.910,-72.243
96.655,-31.118,-57.624
41.118,-65.526,-26.621
125.568,-97.321,-51.367
120.264,-44.547,-114.022
28.259,-102.479,-78.948
113.639,-43.682,-66.218
10.586,-37.400,-56.242
106.309,-116.609,-175.298
57.289,-51.093,-104.255
45.019,-16.275,-5.392
69.215,-83.260,-9.298
98.768,-23.800,-22.865
72.848,-29.316,-17.901
10.408,-43.396,-118.960
4.369,-10.052,13.106
27.069,-22.438,-6.379
15.557,-16.285,3.262
21.079,-18.380,-0.003
21.983,-94.656,-42.047
82.584,-42.840,-45.389
39.745,-39.112,-37.555
30.181,-34.207,-29.735
22.513,-17.123,3.820
13.546,-11.423,4.930
41.645,-19.165,-0.255
32.298,-18.737,-1.243
41.609,-103.466,-46.658
54.993,-46.686,-42.188
14.533,-43.028,-46.655
13.861,-57.100,-58.437
47.687,-61.841,-83.787
40.323,-44.093,-60.145
45.232,-108.763,-58.345
46.536,-38.606,-35.687
22.340,-19.681,-0.232
9.232,-5.780,15.187
5.955,16.905,42.494
23.210,-0.812,27.550
2.706,1.745,31.159
33.059,-24.386,-15.171
20.087,-42.806,-46.467
5.680,-50.775,-132.677
20.894,-116.090,-139.579
21.281,-24.044,-19.272
11.877,-83.831,-26.212
31.903,-38.943,-56.871
16.198,-42.202,-43.517
25.690,-36.894,-38.775
26.757,-39.361,-43.331
15.618,-30.599,-17.131
25.998,-113.916,-81.816
12.491,-126.894,-127.007
11.843,-120.883,-112.028
11.051,-51.609,-87.357
0.647,-19.966,-4.536
2.525,-50.544,-30.026
1.559,-88.643,-13.261
0.131,-77.220,12.450
2.178,-98.569,-45.392
1.519,-41.028,-70.043
1.872,-89.964,-36.156
1.881,-103.041,-84.391
1.193,-60.263,-69.969
1.572,-24.535,-15.123
1.575,-18.398,-5.306
0.491,-85.329,-5.446
1.291,-18.047,-1.250
1.313,-18.920,-2.391
1.269,-73.393,-15.374
0.684,-21.088,-9.147
1.150,-12.466,7.630
0.519,-78.514,7.499
1.044,-81.635,-47.273
0.659,-100.641,-38.350
0.428,-86.914,-7.845
0.572,-20.878,-4.858
0.269,-4.076,32.469
0.463,-6.043,35.656
0.137,-19.585,1.726
1.475,-92.321,-19.764
0.641,-45.485,-56.778
0.275,-52.647,-30.528
0.598,-120.627,-76.966
0.519,-120.024,-113.861
0.563,-59.353,-105.269
0.281,-63.274,-102.983
0.072,-35.994,-70.001
0.145,-26.492,-23.004
0.083,-28.296,-20.017
0.487,-114.966,-58.678
0.181,-54.474,-65.480
0.237,-116.255,-54.848
0.430,-45.940,-77.444
0.458,-69.788,-97.321
0.170,-48.117,-62.484
0.045,-25.382,-16.959
0.156,-54.838,-12.171
0.228,-44.260,-68.516
0.419,-86.746,-116.795
0.358,-87.366,-126.407
0.400,-116.923,-116.432
0.409,-68.014,-140.566
0.075,-47.029,-74.451
0.437,-101.509,-56.308
0.423,-110.057,-85.186
0.433,-123.015,-129.510
0.445,-129.610,-164.138
0.472,-120.405,-119.765
0.497,-86.637,-175.242
