21.129,-97.480,-19.388
21.507,-84.308,-2.098
21.924,-90.534,-16.475
22.376,-95.294,-27.718
22.867,-91.083,-18.264
23.399,-95.885,-33.287
23.966,-96.612,-32.858
24.581,-113.913,-86.985
25.235,-120.649,-85.138
25.927,-108.276,-41.425
26.663,-84.794,-8.409
27.437,-89.597,-11.958
28.263,-84.811,-1.486
29.124,-90.152,-9.340
30.030,-85.422,-5.675
30.984,-86.987,-7.340
31.981,-79.757,2.039
33.018,-86.146,-4.148
34.109,-82.441,-0.261
35.240,-89.476,-11.920
36.417,-87.301,-5.642
37.643,-87.196,-4.204
38.914,-107.198,-44.036
40.231,-117.449,-55.792
41.599,-118.956,-115.799
43.007,-113.315,-89.594
44.473,-100.906,-30.517
45.973,-86.489,-4.902
47.536,-85.860,-6.230
49.134,-85.681,-5.457
50.789,-106.873,-48.436
50.726,-98.912,-34.037
48.623,-82.170,0.138
56.026,-94.688,-20.765
57.865,-107.280,-47.356
59.755,-91.473,-13.329
61.686,-100.305,-18.933
63.671,-104.264,-31.864
65.698,-101.086,-23.491
67.772,-103.963,-22.982
69.893,-113.337,-55.370
72.055,-134.483,-121.593
74.269,-133.189,-91.157
76.517,-114.831,-60.759
78.822,-131.203,-113.080
81.155,-142.398,-98.543
83.548,-127.422,-80.213
85.969,-109.410,-39.475
88.442,-110.240,-35.919
90.949,-109.298,-45.407
93.498,-113.364,-49.923
96.089,-119.969,-59.907
98.712,-126.988,-85.813
101.384,-118.879,-73.434
104.081,-119.475,-61.783
106.827,-121.722,-66.040
109.598,-120.565,-62.245
112.411,-116.749,-61.068
115.253,-106.978,-57.733
118.131,-82.436,0.079
30.574,-77.233,3.082
31.317,-80.325,0.402
32.067,-97.160,-15.296
32.827,-98.133,-19.446
33.590,-94.002,-14.489
34.364,-82.644,-1.009
35.142,-81.176,0.045
35.928,-80.598,0.937
36.719,-71.498,6.402
37.516,-72.632,6.650
38.320,-87.882,-11.393
154.909,-100.086,-32.535
158.130,-104.000,-25.968
161.374,-88.204,-8.746
164.627,-81.440,1.380
42.413,-84.559,-3.752
43.244,-75.560,2.146
44.080,-74.142,1.398
44.919,-74.062,2.877
45.761,-63.287,6.327
46.607,-61.978,7.382
47.456,-65.132,7.373
48.306,-69.446,6.188
49.160,-83.736,-2.117
50.013,-102.687,-28.915
50.871,-107.623,-37.900
51.728,-107.004,-42.080
208.189,-84.614,-4.381
211.594,-85.335,-5.004
215.000,-94.744,-12.590
218.405,-95.378,-15.934
221.816,-85.499,-2.784
225.213,-84.913,-1.974
57.749,-78.360,1.132
58.606,-78.293,1.192
59.465,-81.333,-0.110
60.321,-75.849,3.654
61.175,-80.832,5.106
62.028,-84.378,-2.068
248.936,-83.204,0.352
252.288,-75.868,4.393
64.573,-68.353,7.254
65.413,-62.576,9.577
66.254,-66.618,5.339
67.088,-63.632,8.397
67.921,-67.355,8.795
68.748,-69.152,7.600
69.571,-61.989,5.563
70.389,-62.166,4.058
71.203,-62.653,11.503
72.011,-89.435,-12.344
72.814,-94.920,-18.085
291.421,-89.641,-11.397
74.403,-73.200,13.287
75.186,-68.347,11.130
75.966,-61.931,9.009
76.737,-74.234,1.537
77.502,-75.680,1.385
78.259,-77.188,1.299
79.008,-69.724,3.926
79.750,-59.665,8.349
80.483,-54.859,8.451
81.208,-55.198,10.295
81.924,-63.698,8.921
82.632,-68.838,3.092
83.329,-67.251,2.644
84.019,-47.581,20.941
84.697,-19.878,38.842
85.367,-39.748,22.408
86.024,-40.999,21.863
382.503,-72.756,-8.266
385.445,-100.217,-27.530
388.341,-117.621,-84.860
391.173,-126.633,-137.408
393.959,-129.619,-152.350
396.681,-126.451,-126.029
399.351,-111.489,-96.344
401.957,-97.485,-76.253
404.508,-115.941,-122.673
406.994,-109.539,-90.472
409.420,-110.050,-86.124
411.785,-116.644,-141.288
414.080,-130.804,-202.755
416.317,-137.376,-215.985
418.482,-132.982,-213.938
420.582,-136.762,-164.851
422.614,-135.844,-175.963
424.573,-134.260,-194.803
426.469,-146.769,-245.769
428.288,-152.174,-272.368
430.032,-161.472,-368.463
431.711,-170.827,-426.144
433.311,-159.903,-301.568
434.835,-150.852,-223.601
436.286,-149.095,-208.897
437.658,-145.285,-143.721
438.951,-150.358,-226.933
440.168,-161.435,-231.942
441.307,-164.557,-242.294
442.365,-159.715,-238.933
443.341,-162.089,-250.613
444.238,-162.000,-224.370
445.054,-152.881,-154.194
445.786,-147.834,-193.735
446.435,-144.194,-173.580
447.002,-142.813,-160.312
447.488,-152.902,-296.094
447.891,-149.300,-235.238
448.208,-123.139,-189.985
448.442,-138.064,-205.967
448.591,-137.660,-220.050
448.657,-133.556,-196.868
448.638,-142.823,-218.980
448.535,-161.750,-304.418
448.348,-159.093,-226.396
448.077,-157.552,-193.414
447.723,-155.174,-170.266
447.287,-136.992,-184.784
446.768,-118.584,-144.766
446.166,-116.433,-168.753
445.481,-127.781,-187.562
444.714,-157.452,-284.030
443.866,-155.078,-223.424
442.938,-137.408,-238.533
441.933,-136.687,-218.152
440.848,-142.864,-222.454
439.682,-175.362,-428.866
438.440,-164.834,-280.810
437.121,-155.684,-241.060
435.727,-150.568,-259.981
434.256,-146.213,-234.706
432.713,-149.334,-246.257
431.095,-142.059,-251.158
429.406,-139.178,-247.754
427.648,-141.392,-260.313
425.815,-145.835,-235.382
423.914,-146.078,-239.989
421.949,-146.995,-315.985
419.912,-140.220,-191.567
417.812,-119.767,-138.270
415.646,-125.171,-172.656
413.414,-142.368,-238.867
411.127,-146.773,-300.567
408.769,-161.178,-289.709
406.357,-140.447,-236.018
403.885,-138.509,-243.951
401.352,-145.367,-272.585
398.766,-146.800,-264.591
396.120,-159.305,-247.715
393.424,-162.011,-241.529
390.668,-157.685,-188.398
387.867,-139.349,-191.939
385.008,-121.713,-126.347
382.104,-144.919,-248.308
379.146,-158.376,-217.821
376.142,-135.708,-157.756
373.089,-141.837,-154.743
369.990,-149.749,-206.467
366.842,-147.754,-191.396
363.649,-132.461,-126.176
360.398,-127.709,-139.420
357.112,-144.667,-233.348
353.785,-158.184,-241.782
350.429,-132.471,-177.722
347.039,-122.230,-104.415
343.622,-127.139,-158.738
340.177,-155.452,-285.856
336.714,-145.883,-198.631
333.219,-140.998,-198.155
329.694,-132.832,-150.193
326.139,-125.019,-110.060
322.552,-125.525,-126.374
318.939,-122.029,-133.580
315.287,-126.150,-147.133
311.620,-134.309,-166.579
307.921,-150.405,-204.729
304.214,-147.524,-173.643
300.479,-141.088,-138.453
296.735,-134.797,-132.917
292.969,-137.403,-153.910
289.190,-137.830,-172.373
285.397,-133.317,-182.078
281.592,-126.725,-178.549
277.776,-118.857,-157.765
273.951,-113.050,-83.104
270.112,-125.481,-123.649
266.271,-118.324,-143.765
262.418,-123.780,-145.870
258.563,-105.908,-103.901
254.702,-97.054,-76.716
250.835,-98.927,-100.011
246.971,-127.677,-184.105
243.097,-134.709,-146.733
239.230,-133.052,-121.687
235.357,-120.754,-108.672
231.486,-117.292,-135.426
227.616,-109.534,-96.948
223.754,-109.890,-100.110
219.896,-106.340,-105.435
216.054,-113.729,-124.725
212.217,-118.137,-130.958
208.405,-121.224,-116.275
204.585,-125.259,-157.336
200.772,-111.286,-83.395
196.955,-122.032,-75.602
193.124,-130.093,-110.282
189.284,-130.179,-122.720
185.464,-133.260,-114.989
181.671,-115.300,-122.434
177.908,-100.993,-55.120
174.171,-100.548,-59.834
170.470,-99.147,-47.418
166.796,-101.803,-69.881
163.141,-112.115,-100.938
159.520,-112.896,-74.166
155.916,-118.359,-74.591
152.338,-125.584,-71.492
148.788,-126.619,-62.928
145.275,-120.344,-73.521
141.798,-108.462,-67.773
138.360,-109.292,-48.486
134.949,-107.030,-56.911
131.587,-112.033,-69.763
128.253,-107.476,-71.304
124.972,-113.269,-70.397
121.724,-106.090,-71.316
118.520,-96.963,-34.546
115.356,-120.143,-93.118
112.237,-131.234,-88.204
109.162,-130.037,-82.572
106.133,-127.080,-81.638
103.141,-132.909,-72.108
100.196,-123.459,-64.622
97.292,-118.702,-61.862
94.453,-105.421,-31.759
91.655,-109.317,-32.802
88.920,-111.827,-36.715
86.233,-96.152,-15.174
83.604,-84.487,-0.917
81.025,-81.707,0.604
78.499,-84.794,-5.771
76.025,-75.787,14.011
73.602,-70.162,6.655
71.225,-67.442,7.124
68.904,-63.019,7.985
66.633,-74.826,2.692
64.424,-78.659,0.802
62.266,-86.623,-4.244
60.169,-96.288,-13.773
15.619,-88.392,-10.384
15.139,-102.637,-30.486
14.670,-84.363,-1.515
14.213,-81.804,-0.073
13.766,-89.591,-6.536
13.331,-90.470,-10.722
12.907,-78.119,2.073
12.495,-67.269,10.091
12.095,-63.571,10.367
11.706,-67.535,9.323
11.328,-75.231,4.073
10.962,-68.794,7.263
10.608,-65.152,8.700
36.474,-75.273,5.285
35.167,-65.517,12.306
33.898,-82.376,-0.377
32.676,-82.276,0.326
9.005,-63.225,8.455
8.720,-66.028,7.365
8.444,-60.082,10.952
8.180,-70.986,3.797
7.927,-78.509,0.830
7.685,-80.133,0.479
7.453,-88.297,-4.207
7.233,-95.342,-18.550
7.023,-93.750,-18.533
6.823,-95.283,-19.505
6.635,-103.268,-24.724
6.456,-98.686,-18.608
6.288,-103.434,-24.601
6.129,-98.432,-24.361
5.981,-89.139,-11.104
23.135,-86.040,-2.628
22.625,-85.704,-4.461
22.154,-80.772,2.300
21.723,-82.445,0.071
21.326,-87.574,-4.644
20.968,-88.546,-6.618
20.652,-112.519,-56.293
20.369,-127.323,-99.726
20.122,-135.981,-167.458
19.909,-138.085,-136.577
19.737,-110.163,-65.237
19.599,-108.456,-33.278
19.496,-98.885,-22.264
19.427,-103.357,-31.448
19.394,-84.377,-3.674
19.396,-81.237,0.281
19.435,-77.674,2.138
19.512,-82.220,-0.729
19.623,-91.095,-12.614
19.770,-90.227,-12.561
19.952,-106.810,-28.545
20.169,-109.219,-27.783
20.426,-127.313,-81.451
20.719,-138.100,-106.007
21.048,-137.587,-95.921
21.415,-116.976,-73.411
21.824,-132.096,-198.727
22.267,-137.912,-200.666
22.748,-145.533,-177.804
23.271,-148.119,-221.280
23.830,-149.599,-231.928
24.432,-151.265,-204.725
25.077,-154.289,-148.164
25.758,-151.101,-144.881
26.485,-149.961,-169.480
27.249,-147.835,-163.829
28.063,-141.268,-137.157
28.916,-140.884,-131.193
29.810,-112.268,-71.703
30.753,-108.626,-49.424
31.738,-118.243,-63.082
32.767,-126.131,-78.532
33.843,-130.377,-114.687
34.965,-131.347,-105.960
36.128,-138.043,-102.435
37.346,-140.429,-118.630
38.604,-144.176,-155.392
39.910,-125.865,-113.772
41.266,-125.421,-72.188
42.662,-127.370,-92.596
44.116,-136.592,-99.793
45.607,-129.543,-101.518
47.156,-120.679,-64.932
48.742,-122.127,-66.734
50.385,-123.339,-88.912
52.070,-112.771,-81.502
53.805,-105.103,-49.616
55.587,-97.552,-23.979
57.415,-99.411,-20.963
59.294,-99.909,-23.977
61.213,-100.700,-33.437
63.188,-107.973,-31.345
65.198,-119.623,-71.754
67.267,-107.479,-40.252
69.372,-96.432,-30.241
71.528,-100.698,-32.182
73.726,-95.078,-25.677
75.968,-100.226,-61.264
78.258,-107.356,-54.678
80.584,-96.115,-18.235
82.964,-85.089,-4.230
85.371,-94.283,-22.040
87.838,-95.082,-21.043
90.330,-88.331,-8.981
92.876,-95.667,-23.232
95.452,-109.034,-41.588
98.071,-112.271,-58.421
100.729,-105.612,-36.962
103.419,-100.424,-28.106
106.155,-110.607,-56.477
108.917,-116.642,-52.335
111.723,-116.728,-43.914
114.557,-125.559,-58.293
117.427,-126.288,-63.143
120.328,-112.457,-40.757
123.261,-102.260,-31.697
126.225,-107.958,-35.728
129.222,-113.155,-45.912
132.238,-121.197,-46.803
135.296,-120.158,-48.578
138.364,-109.540,-40.572
141.476,-108.730,-47.413
144.599,-110.072,-41.537
147.754,-115.137,-40.189
150.927,-117.390,-52.407
154.122,-117.940,-46.511
157.340,-117.770,-54.320
160.579,-116.261,-60.951
163.829,-111.013,-59.770
167.108,-99.240,-29.458
170.390,-97.291,-19.506
173.702,-102.665,-22.182
177.017,-106.375,-30.680
180.350,-107.639,-31.300
183.695,-110.923,-58.833
187.051,-111.983,-99.505
190.415,-112.586,-76.122
193.794,-113.283,-53.756
197.168,-109.996,-46.148
200.566,-96.178,-18.334
203.954,-92.338,-9.457
207.359,-92.665,-8.723
210.758,-93.303,-11.747
214.164,-89.294,-12.848
217.571,-102.715,-76.709
220.981,-111.649,-104.385
224.382,-109.035,-70.401
227.793,-103.502,-38.112
231.186,-108.494,-38.320
234.591,-104.862,-31.013
237.978,-96.746,-17.363
241.366,-95.119,-15.459
244.744,-95.768,-28.778
248.112,-91.344,-15.809
251.473,-77.069,2.417
64.367,-71.627,6.077
65.209,-62.662,9.803
66.050,-68.568,7.324
66.885,-62.765,9.774
67.718,-59.200,9.369
68.546,-63.652,3.087
69.371,-68.626,3.531
70.191,-74.416,1.406
71.004,-74.246,3.293
71.815,-69.025,4.789
72.619,-73.783,2.414
73.418,-71.279,9.047
74.211,-64.154,4.901
74.997,-63.838,4.746
75.777,-66.001,2.789
76.550,-61.941,3.551
77.317,-73.141,3.916
78.075,-90.734,-15.297
78.827,-88.912,-7.675
79.571,-82.017,-1.106
80.306,-72.763,1.492
81.034,-63.758,4.248
81.751,-59.232,4.954
82.462,-56.788,6.996
83.161,-64.286,5.376
83.854,-61.571,12.563
84.533,-49.051,13.485
85.207,-47.032,17.024
85.866,-41.716,11.974
86.518,-40.259,13.252
87.157,-49.557,8.565
87.787,-48.207,10.496
88.403,-47.557,12.073
89.011,-49.335,8.781
89.604,-53.751,11.708
90.187,-58.642,8.371
90.756,-72.612,1.849
91.313,-59.399,6.135
91.857,-46.445,9.476
92.387,-49.529,7.964
92.906,-48.699,10.990
93.409,-52.899,8.933
93.900,-55.379,8.512
94.375,-53.903,5.735
94.836,-49.244,4.478
95.284,-35.820,18.636
95.714,-37.749,20.825
96.132,-28.939,25.401
96.533,-35.867,20.275
96.917,-31.111,19.933
97.288,-21.777,22.647
97.642,-13.659,21.893
97.978,-4.750,19.864
98.300,-5.099,13.000
98.605,-1.372,18.778
98.892,-14.721,29.705
99.162,-45.596,15.411
99.415,-44.506,17.051
99.651,-35.920,19.796
99.869,-42.355,13.914
100.070,-40.895,9.631
100.253,-37.515,15.164
100.417,-34.214,15.751
100.564,-23.616,12.851
100.692,-20.504,18.951
447.394,-50.004,5.024
447.816,-81.848,-19.167
448.155,-105.623,-68.051
448.409,-120.629,-97.336
448.579,-133.751,-155.964
448.664,-138.743,-161.654
448.666,-133.894,-125.454
448.584,-133.535,-138.101
448.417,-133.239,-141.265
448.167,-127.039,-149.332
447.833,-129.937,-141.316
447.416,-134.438,-136.417
446.918,-136.263,-141.555
446.336,-138.236,-184.533
445.671,-132.128,-237.571
444.923,-146.483,-291.064
444.095,-165.314,-319.547
443.186,-151.532,-323.913
442.200,-156.873,-314.187
441.134,-164.143,-283.540
439.988,-154.530,-194.767
438.763,-149.658,-263.152
437.463,-146.437,-284.289
436.087,-131.711,-262.796
434.634,-122.226,-198.926
433.109,-124.144,-156.046
431.508,-123.649,-138.414
429.836,-123.880,-127.121
428.095,-120.772,-115.564
426.280,-122.809,-148.748
424.393,-135.349,-221.828
422.445,-135.805,-247.826
420.426,-115.932,-223.179
418.340,-111.042,-191.287
416.190,-144.392,-262.379
413.973,-153.061,-270.035
411.700,-150.669,-259.913
409.359,-137.584,-200.501
406.959,-139.840,-195.979
404.502,-141.203,-174.519
401.981,-142.593,-188.266
399.409,-147.349,-251.207
396.776,-145.531,-212.920
394.093,-155.027,-253.365
391.351,-148.420,-326.434
388.561,-142.441,-231.112
385.716,-130.065,-190.488
382.821,-143.204,-243.630
379.877,-149.350,-240.581
376.882,-146.716,-277.639
373.842,-144.209,-233.904
370.753,-148.488,-203.086
367.618,-149.927,-193.860
364.434,-151.957,-189.203
361.198,-141.767,-179.968
357.916,-141.870,-187.681
354.602,-155.808,-202.027
351.250,-151.325,-163.869
347.871,-144.378,-136.204
344.456,-136.424,-129.638
341.021,-130.841,-131.681
337.560,-135.138,-198.262
334.074,-138.510,-208.840
330.554,-135.983,-140.096
327.007,-124.786,-111.916
323.427,-124.453,-117.876
319.821,-138.092,-135.840
316.179,-132.665,-145.329
312.515,-134.471,-146.126
308.822,-132.153,-211.450
305.119,-138.073,-226.670
301.387,-137.606,-148.124
297.648,-122.582,-167.022
293.885,-108.688,-86.846
290.110,-114.489,-99.943
286.321,-126.571,-171.326
282.516,-129.256,-186.693
278.705,-134.011,-185.379
274.879,-132.166,-186.457
271.046,-119.412,-145.919
267.203,-123.706,-126.802
263.353,-132.394,-156.095
259.499,-126.351,-146.041
255.639,-129.123,-94.625
251.773,-139.755,-151.512
247.909,-147.365,-154.754
244.034,-143.674,-137.760
240.170,-125.868,-185.283
236.295,-113.735,-82.785
232.427,-116.904,-99.021
228.554,-125.654,-114.687
224.688,-112.394,-88.385
220.832,-104.886,-83.868
216.984,-115.835,-91.732
213.147,-110.964,-98.466
209.329,-116.264,-104.548
205.510,-122.954,-114.618
201.697,-126.385,-145.356
197.881,-120.992,-139.596
194.055,-128.740,-126.160
190.214,-116.750,-67.831
186.386,-96.922,-45.588
182.591,-114.421,-110.318
178.816,-103.993,-60.017
175.073,-102.461,-45.441
171.365,-87.751,-18.826
167.685,-90.947,-29.791
164.024,-108.322,-59.427
160.398,-95.368,-57.232
156.786,-108.684,-74.766
153.205,-139.037,-104.210
149.646,-118.947,-119.780
146.126,-85.071,-16.819
142.640,-98.191,-27.957
139.190,-101.027,-40.740
135.776,-101.892,-44.415
132.401,-103.488,-74.927
129.060,-109.804,-56.033
125.768,-118.377,-51.151
122.509,-113.291,-56.477
119.297,-109.530,-53.887
116.122,-113.365,-55.449
112.991,-118.362,-56.510
109.907,-106.487,-79.714
106.865,-94.792,-33.226
103.867,-86.881,-14.610
100.909,-109.381,-89.122
97.996,-127.024,-129.533
95.140,-125.524,-75.886
92.331,-128.731,-63.225
89.583,-128.307,-62.110
86.883,-122.433,-55.326
84.242,-109.752,-56.667
21.165,-110.379,-39.024
20.575,-107.768,-49.224
79.160,-73.676,4.553
76.905,-75.715,3.239
74.692,-82.856,-0.457
72.523,-105.453,-47.193
70.391,-103.222,-39.379
68.309,-83.721,-0.378
66.262,-75.327,4.094
64.266,-73.362,4.131
62.306,-78.340,1.120
60.399,-85.883,-2.934
58.527,-95.016,-11.299
56.708,-103.018,-20.340
54.926,-94.788,-17.436
53.197,-88.561,-7.249
51.507,-72.102,6.649
49.867,-78.656,1.901
48.268,-89.110,-6.906
46.718,-110.545,-37.780
45.212,-105.543,-39.267
43.751,-88.278,-9.642
42.338,-80.091,2.034
40.966,-80.446,0.736
39.645,-82.294,0.104
38.361,-88.542,-8.103
37.133,-100.477,-22.624
35.939,-92.766,-16.556
34.798,-103.029,-53.286
33.696,-90.846,-10.790
32.638,-86.751,-3.781
31.628,-84.553,-1.835
30.659,-77.045,2.629
29.730,-67.926,6.664
28.848,-73.949,3.626
28.009,-96.652,-22.601
27.204,-90.171,-9.755
26.450,-81.559,0.274
25.733,-71.960,3.975
25.057,-62.876,10.184
24.419,-60.604,11.004
23.821,-67.991,8.930
23.269,-74.430,4.496
22.750,-70.411,9.299
22.269,-90.480,-16.420
21.829,-96.235,-28.653
21.424,-90.280,-10.604
21.055,-88.418,-4.695
20.730,-110.850,-45.291
20.439,-104.568,-37.490
20.183,-79.054,0.963
19.962,-87.440,-3.257
19.779,-101.372,-26.259
19.633,-124.806,-66.787
19.522,-113.113,-46.969
19.445,-113.635,-42.687
19.403,-82.905,-0.471
19.396,-82.786,-1.106
19.426,-97.682,-21.028
19.494,-95.999,-31.319
19.597,-126.967,-71.110
19.735,-137.421,-87.576
19.908,-123.032,-60.673
20.116,-126.441,-83.722
20.364,-122.113,-54.870
20.648,-108.588,-46.272
20.968,-98.846,-43.458
21.325,-108.859,-73.127
21.725,-109.773,-69.189
22.159,-100.357,-36.261
22.629,-108.227,-42.204
23.144,-124.794,-74.885
23.694,-137.345,-109.262
24.283,-140.877,-115.269
24.920,-112.393,-44.141
25.592,-100.125,-40.517
26.308,-87.304,-8.042
27.062,-87.560,-8.730
27.864,-91.578,-13.893
28.708,-98.894,-29.314
29.590,-108.098,-42.149
30.523,-87.252,-5.547
31.496,-98.008,-20.714
32.516,-123.237,-86.096
33.577,-117.115,-55.129
34.692,-119.543,-102.857
35.842,-138.626,-159.056
37.049,-142.825,-188.995
38.295,-134.778,-242.340
39.590,-119.319,-110.930
40.934,-110.799,-61.808
42.321,-134.383,-177.532
43.760,-144.412,-126.560
45.243,-149.550,-175.534
46.777,-148.341,-248.458
48.355,-146.932,-262.740
49.983,-141.228,-200.327
51.656,-133.331,-144.250
53.380,-134.191,-177.337
55.150,-150.329,-318.814
56.967,-152.344,-297.432
58.834,-152.576,-221.077
60.742,-154.073,-185.507
62.705,-144.822,-154.528
64.705,-139.213,-123.286
66.763,-142.185,-136.376
68.853,-147.504,-275.944
71.003,-154.001,-325.200
73.185,-151.084,-223.030
75.422,-152.481,-191.201
77.697,-152.175,-204.166
80.018,-154.198,-254.977
82.382,-156.468,-205.712
84.785,-152.070,-258.369
87.237,-136.950,-181.189
89.718,-101.712,-23.335
92.256,-129.874,-97.663
94.818,-129.701,-86.511
97.434,-137.947,-116.977
100.078,-127.217,-111.398
102.765,-115.178,-59.651
105.487,-111.203,-61.594
108.242,-96.267,-17.826
111.039,-95.647,-15.570
113.865,-106.176,-33.772
116.728,-107.284,-42.269
119.622,-114.762,-48.203
122.546,-106.085,-44.892
125.505,-98.703,-33.015
128.490,-94.436,-21.849
131.506,-90.052,-6.914
134.553,-92.223,-9.206
137.618,-91.623,-9.231
140.721,-90.175,-7.527
143.836,-88.264,-4.366
146.989,-95.404,-15.066
150.153,-106.369,-40.850
153.347,-102.625,-33.107
156.557,-79.049,0.747
40.362,-79.045,1.058
41.182,-80.931,0.361
42.009,-88.696,-8.527
169.591,-79.946,2.479
43.673,-72.264,5.562
44.509,-69.245,7.095
45.351,-66.559,8.545
46.195,-67.677,6.769
47.042,-79.181,1.119
47.891,-92.084,-15.607
48.744,-90.237,-10.462
49.597,-86.828,-5.199
50.454,-83.720,-0.970
51.309,-81.168,2.010
52.170,-80.026,0.643
53.028,-78.570,4.127
53.888,-79.727,5.604
54.749,-76.235,2.894
55.609,-73.371,2.836
56.470,-76.076,1.897
57.330,-69.239,7.534
58.189,-57.272,14.216
59.048,-58.316,11.107
59.904,-69.954,3.681
60.761,-66.763,7.817
61.614,-64.080,9.865
62.465,-65.119,8.874
63.316,-68.029,8.303
64.162,-71.734,3.080
65.006,-78.066,1.253
65.847,-74.554,5.018
66.683,-84.266,-5.018
67.517,-82.696,-1.044
68.347,-81.109,-0.199
69.172,-64.679,9.367
69.993,-61.169,6.066
70.808,-88.185,-6.814
71.620,-86.328,-6.139
72.424,-89.239,-13.200
73.226,-85.411,-2.107
74.019,-72.362,3.281
74.808,-72.356,2.021
75.589,-74.368,1.653
76.364,-85.313,-2.097
77.132,-94.570,-13.372
77.892,-92.339,-3.304
78.646,-87.616,-2.103
79.392,-82.041,-1.059
80.129,-85.401,-2.389
80.859,-73.084,3.450
81.578,-81.346,-0.981
82.291,-72.100,2.241
82.993,-67.959,3.156
83.687,-60.956,6.008
84.370,-54.253,8.944
85.045,-53.403,9.526
85.708,-53.408,10.708
86.362,-46.126,13.895
87.004,-48.182,13.814
87.636,-66.420,4.298
88.256,-42.895,19.008
88.865,-24.294,19.884
89.462,-26.294,19.665
90.046,-42.102,20.248
90.620,-40.033,15.669
91.179,-52.102,13.741
91.727,-65.995,3.371
92.260,-57.363,9.206
92.782,-55.213,7.094
93.288,-55.469,10.477
93.782,-58.774,6.754
94.261,-59.495,9.697
94.725,-32.880,17.691
95.176,-27.161,27.634
95.611,-35.499,24.512
96.031,-38.319,27.873
96.437,-36.553,22.014
96.825,-30.290,26.005
97.199,-44.440,13.640
97.557,-40.503,9.266
97.898,-25.735,13.058
98.222,-31.161,23.201
98.531,-48.721,8.540
98.823,-50.606,9.212
99.097,-67.328,5.543
99.354,-65.713,3.992
99.594,-56.756,5.434
99.817,-51.124,4.772
100.021,-44.174,5.629
100.209,-37.253,9.361
100.378,-33.107,10.537
100.528,-28.781,19.040
100.661,-38.356,17.434
100.776,-50.227,7.689
100.873,-41.232,10.807
100.951,-36.284,13.635
101.011,-23.989,24.089
101.053,-12.579,39.649
448.642,-32.222,27.895
448.664,-60.685,-0.119
448.601,-95.403,-63.069
448.455,-117.782,-111.429
448.225,-125.947,-144.887
447.910,-136.931,-184.363
447.514,-133.522,-199.574
447.035,-140.891,-222.773
446.473,-135.372,-202.962
445.828,-132.095,-182.449
445.100,-137.653,-200.179
444.291,-142.443,-186.096
443.401,-141.432,-147.122
442.433,-140.948,-201.884
441.387,-139.013,-195.732
440.260,-146.062,-231.883
439.053,-149.555,-242.043
437.772,-131.692,-215.911
436.414,-135.627,-156.277
434.979,-139.734,-227.061
433.471,-143.631,-216.040
431.889,-130.111,-232.890
430.233,-154.041,-368.148
428.509,-147.363,-290.862
426.712,-154.426,-266.955
424.841,-154.584,-220.922
422.909,-146.165,-192.690
420.907,-137.957,-175.297
418.835,-130.700,-141.120
416.703,-123.769,-117.997
414.501,-139.450,-239.249
412.242,-140.750,-220.431
409.918,-151.117,-315.138
407.529,-152.738,-298.779
405.089,-153.935,-240.433
402.582,-146.547,-215.996
400.023,-147.054,-233.869
397.405,-154.408,-243.217
394.734,-149.907,-216.304
392.006,-146.525,-233.136
389.226,-127.488,-145.570
386.396,-115.503,-84.085
383.511,-118.688,-110.687
380.582,-122.301,-127.387
377.597,-128.067,-176.201
374.570,-136.482,-189.130
371.490,-134.352,-214.065
368.369,-150.112,-204.654
365.194,-147.995,-235.197
361.976,-148.878,-235.024
358.698,-145.262,-179.877
355.398,-134.526,-182.498
352.049,-135.841,-198.536
348.683,-139.354,-215.871
345.272,-127.019,-172.115
341.846,-139.072,-183.804
338.388,-148.044,-219.228
334.912,-140.334,-174.582
331.400,-140.150,-160.480
327.859,-137.078,-187.767
324.288,-138.842,-193.689
320.687,-142.409,-155.502
317.056,-124.082,-99.952
313.394,-105.155,-93.350
309.711,-105.927,-79.823
306.010,-131.876,-214.186
302.285,-106.255,-77.873
298.548,-122.732,-143.027
294.789,-143.605,-202.651
291.019,-131.042,-195.973
287.233,-128.217,-142.707
283.432,-127.883,-122.915
279.625,-127.065,-142.188
275.797,-129.516,-152.942
271.971,-110.061,-132.564
268.128,-119.302,-165.559
264.283,-121.844,-145.824
260.427,-133.369,-104.217
256.568,-138.709,-129.625
252.706,-134.381,-160.700
248.841,-126.394,-137.356
244.971,-127.481,-111.825
241.104,-129.941,-175.719
237.230,-125.341,-134.822
233.363,-115.714,-102.650
229.490,-116.613,-95.337
225.624,-119.624,-113.497
221.767,-116.441,-115.993
217.913,-119.737,-150.985
214.076,-137.893,-155.551
210.253,-121.130,-90.015
206.436,-115.140,-142.317
202.621,-116.414,-93.413
198.806,-100.866,-66.873
194.985,-95.408,-41.029
191.146,-100.218,-51.404
187.309,-99.583,-64.063
183.512,-85.740,-34.700
179.728,-95.564,-61.436
175.982,-120.456,-108.720
172.264,-113.174,-114.810
168.576,-122.872,-135.520
164.913,-122.489,-90.988
161.279,-105.240,-65.842
157.663,-97.292,-35.157
154.076,-107.740,-57.637
150.509,-111.657,-102.782
146.981,-116.243,-110.799
143.487,-115.515,-147.085
140.027,-119.064,-126.045
136.607,-107.069,-92.045
133.219,-104.577,-40.263
129.873,-87.183,-27.020
126.568,-123.020,-157.291
123.299,-120.749,-85.165
120.078,-134.736,-81.900
116.893,-128.103,-80.917
113.752,-114.712,-47.028
110.658,-118.236,-56.354
107.602,-106.412,-46.058
104.598,-94.559,-24.382
101.627,-86.125,-6.574
98.705,-73.745,2.500
95.833,-86.225,-7.640
93.014,-81.363,-1.590
90.251,-100.536,-33.338
87.538,-94.896,-22.197
84.884,-97.837,-40.538
82.280,-89.502,-10.814
79.729,-89.431,-9.602
77.229,-86.505,-4.366
74.781,-88.202,-6.182
72.384,-78.572,2.995
70.032,-78.386,1.198
67.737,-81.781,0.881
65.499,-88.716,-8.990
63.315,-104.877,-30.148
16.356,-110.861,-45.698
15.858,-103.544,-59.630
60.863,-79.909,2.786
58.981,-91.905,-15.518
57.151,-104.156,-26.201
55.359,-97.565,-23.665
53.619,-84.566,-3.399
51.917,-77.682,2.668
50.266,-84.082,-2.415
48.657,-85.507,-3.177
47.095,-79.422,2.538
45.578,-77.752,1.986
44.106,-75.956,2.725
42.682,-90.030,-12.410
41.298,-95.550,-21.123
39.966,-93.529,-14.401
38.673,-92.458,-10.386
37.431,-99.560,-19.894
36.230,-111.422,-39.339
35.074,-118.372,-50.293
33.964,-111.153,-37.675
32.895,-99.469,-20.749
31.873,-101.395,-22.061
30.893,-102.018,-25.178
29.955,-99.821,-19.955
29.061,-103.168,-21.472
28.212,-109.442,-27.436
27.398,-120.001,-58.008
26.633,-108.305,-52.530
25.907,-100.143,-46.498
25.220,-99.932,-43.885
24.573,-89.503,-12.478
23.965,-85.752,-4.808
23.402,-86.799,-5.357
22.875,-91.474,-11.838
22.383,-94.147,-15.366
21.935,-88.018,-4.811
21.521,-92.672,-11.440
21.143,-124.519,-73.273
20.807,-135.585,-91.075
20.508,-132.810,-90.028
20.244,-137.843,-115.442
20.014,-112.694,-83.154
19.822,-85.429,-4.941
19.667,-95.280,-28.810
19.547,-113.621,-57.582
19.462,-90.850,-13.880
19.411,-86.107,-3.182
19.396,-89.324,-8.433
19.417,-93.678,-30.912
19.475,-120.440,-128.009
19.570,-132.501,-132.980
19.699,-136.565,-151.713
19.864,-117.960,-85.166
20.063,-109.047,-52.867
20.301,-98.964,-32.992
20.577,-95.687,-20.205
20.888,-89.755,-6.010
21.235,-89.051,-4.299
21.625,-101.928,-22.156
22.051,-91.914,-12.073
22.513,-86.866,-6.427
23.016,-85.156,-3.136
23.558,-83.927,-0.939
24.135,-87.073,-4.343
24.763,-86.395,-5.268
25.426,-86.196,-5.449
26.131,-80.469,1.311
26.876,-81.864,-0.129
27.664,-82.864,-0.358
28.500,-87.129,-5.333
29.371,-110.040,-49.198
30.292,-113.206,-72.216
31.255,-116.098,-74.182
32.265,-89.348,-9.099
33.314,-90.116,-9.257
34.418,-94.416,-23.859
35.558,-105.210,-37.250
36.752,-102.308,-37.907
37.987,-101.737,-26.261
39.271,-127.168,-92.152
40.602,-123.641,-67.001
41.982,-114.754,-74.851
43.405,-86.023,-6.584
44.881,-88.197,-7.882
46.398,-91.442,-12.476
47.969,-89.022,-8.170
49.581,-98.035,-24.554
51.247,-114.975,-59.794
52.956,-138.340,-107.628
54.715,-143.659,-141.222
56.522,-144.853,-158.164
58.375,-129.689,-126.875
60.276,-100.421,-20.470
62.225,-117.478,-67.158
64.216,-95.188,-26.033
66.260,-91.096,-19.713
68.341,-97.906,-28.328
70.479,-105.126,-29.181
72.648,-126.010,-108.725
74.877,-125.165,-149.571
77.137,-105.830,-44.983
79.453,-92.737,-18.984
81.802,-90.277,-12.661
84.200,-95.628,-35.741
86.638,-92.524,-18.041
89.115,-95.726,-20.132
91.638,-95.537,-17.770
94.191,-85.808,-3.778
96.798,-90.076,-11.074
99.429,-99.456,-30.830
102.112,-85.898,-5.252
104.820,-87.039,-8.482
107.572,-91.912,-21.040
110.356,-92.237,-18.551
113.174,-95.175,-21.042
116.030,-89.607,-11.258
118.916,-80.841,1.287
30.774,-83.233,-2.927
31.520,-81.932,0.003
32.271,-90.163,-11.326
130.774,-83.439,-0.796
33.799,-73.045,5.435
34.573,-74.042,4.263
35.354,-75.703,2.490
36.140,-83.277,0.061
146.222,-100.353,-30.492
149.381,-85.224,-6.256
38.538,-81.136,1.471
39.348,-69.970,8.194
40.162,-76.307,2.590
40.983,-76.352,2.166
41.807,-73.623,4.937
42.636,-87.438,-8.469
172.095,-87.698,-9.471
175.400,-92.141,-14.526
178.733,-104.056,-24.593
182.068,-107.867,-37.690
185.420,-106.809,-82.783
188.781,-75.238,4.393
48.535,-83.753,-4.614
49.389,-80.076,1.172
50.245,-77.542,1.336
51.101,-82.563,-0.433
51.960,-94.871,-9.884
52.818,-85.460,-2.096
53.679,-77.686,1.890
54.539,-68.948,5.873
55.399,-60.558,7.158
56.260,-50.327,11.477
57.120,-62.416,5.247
57.980,-69.227,3.428
58.838,-65.394,5.306
59.695,-60.415,11.212
60.551,-59.217,13.783
61.405,-64.451,11.560
62.257,-68.884,10.065
63.108,-66.658,6.382
63.953,-64.389,7.094
64.800,-73.939,2.580
65.640,-76.117,1.478
66.479,-77.587,0.808
67.312,-75.660,1.500
68.143,-69.484,4.327
68.969,-70.030,5.608
69.791,-64.696,13.797
70.608,-64.422,25.482
71.421,-66.054,12.129
72.226,-64.206,4.182
73.029,-59.962,9.808
73.823,-61.165,10.035
74.614,-54.517,14.293
75.396,-51.532,18.623
76.173,-60.610,7.739
76.942,-59.279,4.451
77.705,-58.674,9.301
78.460,-65.866,2.851
79.207,-67.408,4.767
79.947,-61.405,6.070
80.678,-52.130,13.879
81.401,-52.562,12.888
82.115,-57.574,14.470
82.819,-48.418,23.604
83.515,-48.429,15.985
84.201,-42.784,17.992
84.877,-53.068,16.705
85.543,-63.045,7.080
86.199,-57.893,14.085
86.844,-43.508,24.430
87.478,-52.644,8.188
88.101,-56.617,7.304
88.712,-51.174,7.748
89.313,-47.963,13.402
89.899,-57.179,6.279
90.476,-41.061,6.246
91.038,-34.126,8.116
91.590,-32.093,9.442
92.126,-29.383,9.709
92.650,-32.821,9.119
93.161,-32.716,12.050
93.657,-31.874,14.250
94.140,-36.233,10.847
94.607,-41.728,9.307
421.123,-56.264,4.534
423.135,-90.099,-32.404
425.076,-104.754,-52.504
426.952,-124.890,-89.291
428.750,-128.952,-112.940
430.476,-125.959,-114.361
432.133,-127.938,-130.117
433.713,-132.128,-152.599
435.216,-136.787,-142.546
436.646,-147.723,-171.962
437.996,-142.329,-173.914
439.268,-144.635,-218.217
440.464,-147.181,-203.994
441.581,-145.857,-176.090
442.617,-149.815,-238.378
443.571,-144.388,-233.961
444.446,-135.646,-239.159
445.239,-152.920,-249.466
445.948,-154.133,-229.267
446.575,-153.931,-225.569
447.120,-153.105,-256.409
447.583,-147.964,-193.374
447.963,-137.602,-140.698
448.257,-137.503,-147.425
448.468,-138.135,-198.005
448.594,-141.682,-215.721
448.637,-140.199,-232.174
448.595,-148.178,-282.339
448.469,-164.362,-280.512
448.259,-153.025,-241.645
447.966,-147.039,-263.331
447.589,-151.236,-195.845
447.131,-159.489,-250.896
446.589,-155.235,-303.347
445.965,-153.214,-241.931
445.257,-144.134,-186.542
444.468,-134.308,-150.708
443.597,-142.655,-217.291
442.649,-159.872,-288.827
441.623,-159.434,-242.845
440.516,-154.917,-202.640
439.329,-143.675,-174.156
438.066,-140.938,-202.381
436.726,-145.435,-209.510
435.312,-142.530,-213.744
433.821,-139.963,-200.831
432.258,-143.102,-251.372
430.620,-144.488,-290.934
428.913,-134.598,-291.039
427.135,-137.012,-226.756
425.282,-142.151,-234.197
423.365,-136.674,-223.318
421.381,-144.211,-172.998
419.325,-133.591,-179.160
417.209,-137.153,-276.854
415.025,-153.918,-304.555
412.779,-140.449,-257.047
410.473,-140.110,-219.359
408.098,-149.853,-273.005
405.673,-153.108,-207.677
403.182,-147.722,-210.334
400.637,-147.622,-226.146
398.034,-138.301,-232.835
395.374,-135.812,-222.444
392.663,-130.715,-157.464
389.894,-145.663,-219.601
387.079,-148.060,-180.168
384.206,-130.666,-192.690
381.289,-129.022,-191.983
378.317,-111.331,-129.785
375.303,-130.609,-243.096
372.234,-141.487,-277.657
369.126,-133.264,-192.976
365.962,-147.667,-265.330
362.759,-142.180,-202.396
359.492,-130.693,-170.011
356.200,-129.272,-172.044
352.861,-133.117,-164.842
349.501,-133.106,-145.952
346.099,-147.780,-210.917
342.679,-146.865,-206.023
339.228,-147.960,-184.304
335.759,-148.569,-262.538
332.255,-155.620,-301.607
328.722,-157.357,-196.223
325.159,-151.628,-183.331
321.565,-144.263,-174.238
317.944,-145.584,-179.980
314.285,-154.079,-191.516
310.612,-149.968,-197.956
306.911,-143.598,-183.925
303.196,-132.289,-136.946
299.460,-121.410,-112.409
295.707,-137.089,-145.514
291.940,-135.108,-149.683
288.158,-119.909,-130.160
284.361,-112.172,-81.134
280.557,-128.896,-131.283
276.732,-138.807,-158.195
272.909,-139.549,-150.951
269.067,-138.540,-140.867
265.226,-127.974,-110.752
261.372,-121.561,-88.631
257.515,-119.460,-94.127
253.654,-116.967,-107.577
249.787,-121.462,-109.068
245.921,-127.150,-170.136
242.052,-127.381,-167.283
238.181,-130.186,-107.359
234.311,-139.680,-225.908
230.439,-144.720,-267.292
226.572,-128.842,-129.759
222.713,-127.325,-147.007
218.856,-134.990,-139.649
215.018,-136.426,-110.048
211.189,-137.427,-105.553
207.375,-137.989,-96.390
203.556,-128.437,-142.462
199.742,-122.741,-86.714
195.925,-122.802,-69.645
192.090,-115.892,-108.882
188.251,-103.295,-53.761
184.444,-95.892,-34.563
180.654,-94.057,-32.528
176.902,-109.019,-67.126
173.175,-108.306,-63.936
169.480,-80.990,-12.240
165.813,-85.597,-27.050
162.169,-92.685,-34.208
158.552,-93.526,-39.649
154.957,-94.404,-53.094
151.382,-106.343,-84.813
147.846,-114.581,-116.621
144.343,-97.033,-68.619
140.874,-92.215,-42.974
137.446,-95.900,-44.314
134.045,-123.652,-85.788
130.693,-111.394,-85.716
127.374,-113.425,-108.451
124.100,-106.658,-46.427
120.866,-103.418,-56.224
117.671,-104.530,-51.449
114.520,-127.721,-89.253
111.415,-133.526,-86.876
108.349,-135.571,-75.705
105.334,-123.105,-66.471
102.351,-99.856,-36.556
99.419,-117.408,-49.227
96.532,-116.250,-39.848
93.704,-80.373,0.806
90.924,-75.230,3.236
88.200,-84.212,-9.391
85.531,-82.527,-1.800
82.914,-80.749,-0.228
80.351,-78.884,1.543
77.839,-81.104,-1.278
75.378,-94.069,-26.557
72.969,-85.777,-4.893
70.604,-65.517,5.625
68.297,-62.650,9.033
66.042,-81.295,0.110
63.848,-71.400,7.773
61.706,-74.540,9.610
59.622,-98.223,-28.568
57.591,-94.617,-17.932
15.014,-99.861,-25.621
14.548,-114.727,-37.943
14.093,-110.183,-64.936
13.651,-109.498,-78.844
13.218,-119.605,-65.834
12.798,-125.888,-71.788
12.389,-123.963,-124.104
11.992,-122.569,-115.742
11.605,-111.501,-80.883
44.462,-119.691,-88.982
43.026,-128.890,-78.031
41.633,-129.755,-67.625
40.288,-126.797,-68.259
38.987,-118.504,-55.542
37.730,-120.217,-55.585
36.522,-118.007,-40.890
35.351,-118.859,-55.609
34.233,-111.438,-77.006
33.152,-114.680,-117.936
32.120,-110.194,-95.045
31.128,-87.455,-7.987
30.182,-87.156,-7.033
29.275,-93.653,-12.310
28.417,-93.012,-15.228
27.595,-84.920,-2.657
26.816,-92.788,-17.322
26.082,-119.178,-69.347
25.383,-86.570,-5.660
24.729,-84.161,-1.081
24.110,-97.038,-13.310
23.537,-98.882,-16.804
23.002,-104.477,-37.292
22.501,-109.636,-68.655
22.042,-95.192,-17.499
21.619,-94.633,-11.261
21.233,-100.307,-23.917
20.886,-83.481,-1.621
20.579,-86.744,-4.504
20.306,-87.517,-5.690
20.067,-80.225,0.889
19.866,-84.514,-3.366
19.702,-84.923,-3.852
19.574,-85.974,-4.380
19.480,-92.168,-9.861
19.421,-92.184,-13.651
19.397,-88.872,-10.491
19.409,-92.267,-17.258
19.458,-85.974,-5.193
19.544,-90.193,-14.443
19.665,-103.069,-29.287
19.821,-111.702,-73.858
20.012,-105.563,-61.093
20.240,-117.628,-72.375
20.507,-120.712,-64.020
20.809,-119.073,-58.634
