10.714,-78.983,-69.192
9.933,-58.483,-88.294
10.761,-111.277,-103.758
7.544,-106.881,-78.734
6.498,-71.174,-70.351
5.656,-36.606,-68.461
5.213,-23.953,-15.231
5.668,-40.064,-8.322
6.458,-25.088,-13.049
8.554,-65.232,-18.660
3.688,-101.659,-62.966
14.267,-60.739,-106.887
5.681,-6.728,42.654
7.518,-12.631,11.178
2.063,-12.472,20.408
15.259,-47.798,-91.562
16.731,-115.254,-118.045
14.404,-52.852,-108.511
18.031,-52.699,-110.923
4.054,-41.765,-74.433
8.786,-77.621,-150.946
15.685,-132.410,-165.488
19.353,-66.521,-117.190
9.295,-31.817,-45.645
10.334,-86.665,-14.745
2.678,-15.677,12.307
24.113,-76.010,-4.382
4.621,-37.572,1.105
25.523,-26.732,-29.161
5.893,-18.518,0.342
4.953,-10.181,18.956
2.820,4.541,64.979
27.883,-78.932,5.438
15.532,-22.609,-10.440
21.407,-28.423,-11.433
20.294,-23.498,-6.085
6.454,-71.568,24.532
34.868,-12.596,14.019
36.484,-54.160,59.067
5.844,-9.680,18.465
4.755,-24.162,4.667
24.624,-57.191,11.499
42.521,-84.401,-16.820
42.933,-39.760,-44.468
5.741,-77.982,10.947
46.585,-13.580,11.624
5.652,-10.979,5.838
6.574,-14.696,9.687
50.572,-49.776,-3.418
53.850,-75.459,12.302
56.100,-66.456,18.858
55.164,-2.631,19.237
35.031,-23.381,-10.918
52.469,-87.638,-41.573
62.936,-48.861,-68.423
64.102,-104.537,-45.472
63.539,-102.318,-58.894
71.386,-94.621,-24.964
74.177,-74.220,-24.889
64.122,-105.944,-58.637
79.756,-44.989,-57.529
39.084,-25.706,-22.434
66.700,-11.428,14.310
72.231,-87.031,-10.322
75.214,-68.491,-23.054
57.512,-11.628,12.955
11.399,-1.424,31.620
52.030,4.440,16.972
36.931,1.357,13.000
99.121,-14.626,14.891
93.974,-24.069,-28.892
89.084,-93.156,-28.545
104.353,-49.105,-49.286
97.257,-95.008,-62.753
107.046,-111.306,-66.448
86.752,-44.432,-98.055
61.527,-33.967,-34.821
17.593,-53.617,-65.232
120.892,-84.405,-110.133
62.907,-75.069,-44.835
125.648,-60.152,-9.314
125.051,-7.428,5.860
112.422,-76.788,2.851
64.445,-4.002,9.506
79.058,-83.293,-4.081
143.444,-30.379,-27.069
144.140,-92.866,-27.564
141.422,-51.130,-11.983
100.357,-45.773,2.643
100.287,-33.207,3.471
104.909,-7.167,15.121
22.238,-6.495,8.497
46.595,-58.702,-16.769
28.815,-6.809,27.311
21.728,-12.744,3.491
68.884,-81.862,-35.497
175.572,-112.090,-119.762
147.306,-45.042,-97.104
92.912,-110.593,-90.934
169.374,-58.368,-130.229
174.244,-86.228,-152.405
144.840,-56.681,-133.054
27.547,-46.171,-95.932
133.294,-104.308,-60.095
145.500,-34.528,-33.911
99.466,-30.458,-18.760
23.175,-38.012,-39.020
54.462,-34.930,-47.500
55.547,-32.370,-53.943
193.620,-29.248,-49.874
165.745,-94.088,-61.597
196.989,-37.262,-71.915
77.712,-81.260,-72.640
142.802,-117.385,-63.418
179.848,-112.075,-63.664
174.643,-111.616,-78.063
223.237,-114.454,-60.022
217.363,-46.038,-128.073
161.783,-21.681,-32.957
149.394,-42.957,-29.062
156.997,-43.531,-92.379
112.560,-30.095,-82.452
147.476,-107.292,-106.384
227.805,-122.335,-161.576
211.954,-52.387,-135.363
50.668,-51.572,-102.109
134.351,-93.839,-108.744
202.844,-49.825,-137.594
86.701,-44.665,-134.654
101.139,-48.922,-165.888
240.195,-50.805,-186.578
253.513,-113.539,-187.301
197.914,-90.024,-188.957
230.281,-51.904,-162.212
231.289,-113.436,-138.437
266.764,-110.231,-120.950
226.716,-30.688,-74.203
225.166,-48.566,-106.102
212.108,-93.625,-147.620
260.509,-15.144,-50.702
189.694,-23.166,-26.645
121.778,-87.786,-95.278
145.138,-45.941,-118.030
54.945,-30.282,-53.532
217.608,-101.737,-79.500
255.552,-46.169,-66.181
269.283,-95.868,-76.546
238.231,-18.351,-37.681
214.932,-83.711,-55.749
255.359,-41.604,-94.411
69.143,-63.880,-57.292
226.738,-24.359,-41.208
224.362,-32.421,-110.085
133.468,-37.130,-137.359
243.582,-74.070,-144.375
232.698,-56.855,-164.762
94.841,-106.475,-139.384
201.690,-42.413,-74.416
111.260,-46.614,-67.041
150.977,-110.643,-95.267
128.643,-42.761,-93.968
112.445,-40.077,-93.995
33.657,-36.930,-54.964
173.763,-35.610,-96.612
54.971,-39.014,-51.276
182.829,-99.012,-86.185
282.853,-33.325,-75.221
155.113,-70.357,-144.178
123.768,-86.219,-158.155
92.909,-38.644,-100.820
157.728,-99.113,-68.585
174.216,-100.771,-65.469
245.817,-41.992,-60.658
196.836,-43.598,-70.701
155.847,-97.868,-67.126
200.401,-45.262,-93.245
230.763,-44.605,-85.857
95.433,-50.129,-83.782
110.947,-51.014,-82.985
237.329,-52.349,-147.870
115.223,-95.512,-213.172
157.986,-52.849,-186.415
157.663,-52.790,-202.001
138.787,-110.178,-169.042
283.421,-40.694,-111.065
125.113,-35.801,-69.900
142.545,-57.145,-54.476
79.641,-44.213,-142.546
45.030,-57.817,-159.526
250.948,-40.269,-143.025
159.189,-36.651,-76.784
95.251,-64.931,-67.468
133.739,-101.478,-77.915
286.725,-109.800,-98.360
201.357,-67.853,-81.342
143.354,-34.844,-78.179
84.760,-47.951,-148.483
204.569,-84.938,-165.115
279.043,-49.898,-186.300
184.142,-47.808,-108.013
227.699,-46.645,-71.161
170.621,-46.040,-146.593
78.118,-103.137,-102.497
179.734,-103.989,-138.756
269.268,-103.179,-108.262
243.675,-40.719,-88.626
196.025,-43.411,-72.281
184.963,-98.098,-79.447
156.356,-40.635,-123.371
205.069,-51.673,-242.221
149.887,-54.653,-219.876
181.497,-96.765,-170.381
190.435,-39.416,-104.905
72.903,-100.165,-130.561
173.517,-103.619,-113.456
222.347,-42.445,-118.725
29.298,-45.605,-85.342
119.293,-106.989,-92.220
227.182,-109.595,-103.902
225.091,-90.221,-67.171
225.266,-77.144,-57.392
188.700,-96.246,-69.721
149.495,-80.170,-82.701
123.224,-93.448,-65.949
59.365,-100.020,-73.417
118.342,-33.362,-114.916
24.751,-22.475,-11.958
62.028,-24.563,-21.621
101.531,-25.375,-45.376
135.335,-29.587,-59.992
110.705,-31.621,-35.700
54.844,-99.100,-75.281
209.472,-118.144,-123.238
167.016,-65.325,-106.473
104.553,-101.695,-97.481
198.484,-106.529,-85.044
198.384,-82.532,-71.814
65.299,-35.784,-53.665
17.879,-36.127,-46.209
32.550,-35.733,-44.750
96.349,-36.373,-74.359
17.890,-34.037,-58.304
42.709,-30.963,-28.119
35.228,-88.590,-35.745
86.501,-56.523,-115.910
155.003,-36.034,-85.786
164.964,-31.368,-40.242
105.844,-34.170,-25.267
29.404,-27.713,-31.103
42.044,-27.652,-25.860
53.567,-32.686,-40.867
79.865,-43.439,-52.378
120.447,-58.988,-32.635
134.672,-54.464,-27.597
119.410,-69.811,-6.372
95.050,-47.168,-19.319
88.706,-24.486,-30.452
27.080,-31.182,-52.020
15.008,-30.026,-40.741
11.824,-24.591,-20.533
64.662,-23.860,-21.304
22.560,-30.368,-20.654
52.669,-28.011,-27.653
17.823,-23.599,-14.796
64.051,-24.996,-20.745
54.951,-61.745,-35.439
38.378,-20.311,-15.113
47.942,-55.753,-0.784
43.179,-26.069,-26.296
25.622,-26.383,-19.200
32.979,-37.362,-70.659
28.079,-33.138,-78.801
11.128,-23.869,-19.231
8.003,-25.615,-25.196
20.041,-28.126,-31.339
29.618,-27.906,-24.364
21.469,-31.698,-16.456
44.657,-38.554,-45.521
55.752,-25.218,-19.314
7.751,-94.115,-55.942
84.845,-50.923,-86.903
32.293,-76.978,-29.161
36.141,-32.850,-58.399
28.097,-115.944,-182.372
64.407,-81.409,-70.664
8.115,-44.233,-67.475
29.279,-58.834,2.420
30.341,-24.351,-28.184
43.319,-93.441,-103.772
63.425,-52.405,-84.906
36.467,-48.143,-60.369
27.615,-24.863,-16.391
37.086,-17.210,-2.349
55.283,-28.201,-65.817
3.594,-16.947,2.804
12.399,-13.672,8.832
7.595,-8.719,18.155
10.118,-75.291,5.612
43.062,-37.057,-67.830
27.299,-107.377,-62.605
26.514,-48.379,-61.721
22.684,-60.920,-71.597
26.480,-45.412,-73.316
33.378,-118.258,-88.900
35.605,-78.299,-89.253
23.720,-55.373,-87.502
18.383,-99.541,-68.117
13.743,-29.360,-18.431
10.661,-34.337,-35.691
25.141,-72.450,-41.843
7.563,-15.344,11.818
30.065,-54.937,-2.403
4.685,-2.803,33.753
5.646,-6.183,9.983
7.645,5.422,42.078
3.841,-65.751,25.024
24.854,-29.522,-32.988
14.722,-6.882,21.364
22.436,-26.604,-4.054
15.614,-61.965,-17.892
19.068,-48.753,-1.498
10.499,-76.797,8.874
10.629,-59.434,16.255
6.018,-5.802,8.596
7.326,1.072,14.129
3.326,-3.606,8.824
4.783,-8.403,5.914
0.858,-15.783,12.643
1.603,-6.132,8.868
5.655,-19.787,0.154
6.053,-18.544,1.435
6.674,-23.979,-13.436
11.385,-100.699,-49.674
11.637,-38.412,-36.703
3.651,-72.846,-31.000
4.558,-29.470,-27.382
2.401,19.070,41.678
2.994,10.242,27.722
3.501,-1.330,21.839
2.235,-27.489,20.405
8.257,-41.998,-7.607
6.121,-44.683,-50.074
7.377,-59.717,-102.167
7.521,-64.114,-120.081
7.026,-115.403,-91.747
5.867,-64.302,-52.619
3.245,-32.199,-32.981
6.377,-93.154,-35.905
9.512,-106.796,-48.929
9.301,-16.699,5.260
1.846,-10.588,12.712
8.342,-79.480,-8.398
4.205,-64.117,46.201
1.625,-45.804,22.440
1.998,-57.325,21.032
6.471,2.285,14.746
4.428,-5.848,23.994
4.318,-7.801,27.285
0.869,-5.365,12.424
4.508,-15.485,2.136
1.362,-8.288,21.218
3.083,-11.974,8.534
1.905,-16.684,4.810
10.094,-88.285,-39.238
8.117,-33.119,-48.168
4.402,-27.769,-12.583
1.115,-47.140,16.621
2.044,-11.640,9.767
4.641,-43.785,-12.235
10.661,-34.220,-54.493
5.074,-14.324,8.242
3.756,4.207,22.521
11.332,-4.551,25.737
6.600,-11.009,18.610
2.144,-31.785,-2.455
9.844,-23.277,-9.343
11.457,-27.795,-22.285
5.536,-22.466,-11.630
7.035,-22.824,-11.816
7.287,-24.946,-6.582
13.935,-33.675,-31.723
12.241,-107.146,-71.943
2.538,-26.313,-16.994
15.950,-17.566,3.635
12.391,-26.149,-12.621
11.151,-35.857,-37.883
1.301,-63.045,-25.654
17.784,-17.494,5.416
12.624,-27.237,-20.388
3.483,-44.964,-82.507
12.566,-68.851,-56.840
17.344,-59.869,-136.323
17.885,-62.803,-168.402
12.473,-56.348,-83.999
26.134,-48.717,-90.462
9.707,-93.673,-45.491
26.714,-24.317,-17.661
10.871,-23.149,-12.568
17.430,-23.847,-24.166
22.133,-35.023,-64.817
17.890,-35.015,-45.921
4.629,-37.452,-48.068
8.073,-106.868,-74.186
27.811,-61.479,-86.078
18.048,-45.101,-47.716
5.098,-38.277,-58.939
21.036,-73.341,-67.712
21.610,-40.490,-51.309
17.213,-33.930,-44.676
7.362,-85.853,-12.199
45.150,-93.505,-41.819
47.408,-89.700,-23.224
50.530,-110.345,-64.926
35.265,-53.669,-70.208
33.210,-61.866,-116.093
26.531,-54.511,-134.155
36.741,-46.682,-93.422
34.549,-47.834,-92.993
33.321,-53.265,-103.427
39.910,-82.314,-74.246
29.173,-42.541,-78.642
33.507,-46.037,-89.643
25.394,-40.438,-60.332
20.660,-31.541,-35.083
14.035,-24.502,-16.757
21.683,-28.306,-14.914
36.550,-29.872,-24.398
77.786,-96.751,-60.438
86.037,-97.078,-55.504
88.579,-100.262,-52.402
92.207,-103.323,-45.604
94.314,-106.559,-69.731
97.195,-108.755,-91.966
99.819,-93.021,-81.744
85.891,-51.337,-74.079
99.872,-56.901,-71.469
107.334,-92.291,-56.917
90.870,-58.850,-61.190
78.072,-114.476,-83.200
99.460,-56.796,-87.781
69.837,-52.830,-80.834
93.921,-57.853,-74.045
98.569,-63.088,-93.079
108.101,-92.338,-108.072
105.103,-67.176,-112.948
122.188,-60.825,-128.970
102.108,-49.915,-91.578
83.693,-42.632,-59.107
111.271,-45.019,-51.286
108.184,-44.476,-43.556
116.468,-47.028,-74.231
106.387,-46.323,-102.460
24.224,-38.337,-78.279
22.280,-88.280,-17.035
59.891,-31.971,-39.930
107.373,-13.510,2.062
158.220,-40.989,-73.689
125.967,-106.667,-78.975
33.082,-37.677,-80.684
153.687,-106.972,-143.780
116.162,-114.171,-147.227
97.636,-38.390,-91.663
102.906,-106.921,-113.099
162.394,-119.646,-99.710
127.945,-43.405,-85.680
52.066,-18.866,-8.633
47.747,-13.656,6.416
128.300,-39.997,-38.091
87.184,-100.027,-55.945
160.264,-49.306,-74.354
40.380,-109.341,-72.273
159.670,-113.787,-146.581
71.057,-43.810,-112.593
54.606,-35.358,-41.052
187.796,-37.259,-64.373
129.951,-96.580,-42.893
202.313,-107.623,-47.199
198.219,-40.512,-79.697
84.381,-50.901,-86.134
140.508,-58.531,-67.797
150.173,-62.853,-106.810
59.759,-55.747,-141.415
140.338,-47.994,-163.139
229.314,-75.974,-141.855
190.276,-47.442,-111.722
160.661,-121.648,-100.558
203.506,-121.578,-120.147
196.979,-119.065,-100.814
242.273,-45.036,-128.785
154.992,-107.455,-124.066
243.302,-110.927,-83.243
110.264,-73.724,-96.631
141.387,-109.448,-189.226
79.635,-47.282,-104.143
126.755,-110.033,-112.035
231.950,-74.567,-78.088
197.209,-44.080,-129.975
24.119,-40.874,-111.150
36.957,-37.584,-60.568
199.163,-102.973,-78.144
222.209,-67.668,-54.946
209.796,-28.368,-42.263
244.478,-51.468,-39.329
224.026,-74.122,-29.177
272.054,-76.805,-39.132
108.993,-41.940,-83.231
253.120,-106.883,-140.914
272.150,-114.199,-124.067
261.853,-51.270,-125.676
60.777,-56.285,-85.721
134.191,-121.134,-145.747
255.122,-64.974,-175.259
175.814,-61.407,-172.128
139.706,-62.913,-146.150
220.502,-121.750,-91.536
286.441,-76.137,-108.087
256.235,-89.156,-162.852
282.217,-125.299,-165.694
262.117,-45.084,-142.878
166.278,-96.490,-193.169
228.509,-128.516,-187.438
288.049,-55.646,-131.330
285.387,-54.027,-155.024
257.402,-118.930,-182.088
241.924,-121.928,-255.632
221.798,-118.347,-152.492
301.202,-88.862,-191.195
296.649,-114.443,-190.036
304.963,-54.692,-227.739
89.516,-50.873,-202.842
79.430,-45.396,-90.245
55.091,-43.744,-67.474
103.870,-59.408,-75.694
41.123,-83.422,-49.562
169.353,-65.810,-70.865
138.837,-85.529,-62.524
271.620,-96.819,-101.212
126.857,-44.544,-162.062
26.260,-47.728,-120.245
30.926,-44.870,-87.996
103.794,-40.106,-56.724
102.985,-41.966,-59.867
89.614,-50.570,-46.050
35.007,-39.309,-58.066
18.671,-42.331,-60.798
112.340,-39.860,-87.148
241.842,-37.763,-57.446
147.312,-46.597,-145.551
294.809,-117.283,-158.468
200.479,-63.058,-78.225
169.128,-43.562,-90.103
259.433,-44.857,-82.110
167.952,-45.117,-73.635
192.790,-43.782,-75.347
245.082,-55.136,-129.352
89.740,-60.370,-164.618
178.835,-48.367,-94.267
73.248,-51.167,-161.111
18.389,-45.050,-114.426
178.004,-48.959,-144.216
94.583,-91.147,-73.014
279.905,-36.766,-90.621
108.508,-47.764,-118.416
156.799,-48.566,-202.682
255.808,-115.336,-261.313
241.217,-114.577,-219.354
219.895,-87.649,-103.469
205.240,-72.436,-85.555
259.047,-106.026,-101.547
195.075,-101.458,-101.335
130.869,-105.851,-93.132
213.275,-48.036,-165.835
139.711,-98.765,-78.058
191.316,-33.411,-77.135
100.253,-104.189,-94.450
179.458,-45.634,-83.028
19.139,-55.279,-194.142
137.025,-63.319,-95.818
86.900,-37.076,-42.333
207.120,-37.927,-72.030
125.022,-48.583,-106.955
66.804,-59.977,-165.993
21.531,-54.075,-138.093
86.942,-63.431,-51.965
89.426,-74.698,-41.441
148.093,-42.081,-68.491
178.594,-75.476,-124.049
156.326,-50.584,-101.392
31.322,-46.709,-76.938
160.921,-52.574,-98.637
51.140,-51.047,-71.593
113.099,-49.846,-79.401
182.940,-45.533,-110.363
82.034,-98.845,-86.455
214.223,-109.117,-113.069
210.066,-96.379,-91.628
208.380,-90.482,-101.937
176.660,-81.206,-148.601
107.546,-62.942,-145.759
153.485,-40.334,-134.297
196.907,-89.178,-112.367
31.835,-99.746,-143.354
196.070,-119.185,-178.244
195.543,-113.720,-143.578
141.993,-42.827,-61.091
123.727,-91.586,-45.813
177.092,-41.594,-59.717
95.759,-32.993,-94.321
161.194,-109.344,-124.466
122.889,-108.766,-107.143
145.818,-113.511,-94.569
169.830,-111.444,-104.564
161.503,-101.750,-91.408
125.579,-28.070,-82.366
115.686,-24.552,-49.763
50.722,-36.738,-71.244
94.082,-79.179,-102.146
142.824,-106.863,-116.288
83.559,-48.925,-87.033
23.803,-31.119,-39.407
18.585,-13.736,6.061
147.436,-119.132,-122.765
143.028,-107.086,-70.706
139.967,-109.997,-70.224
90.380,-104.560,-59.035
130.452,-104.232,-53.368
124.526,-112.088,-56.373
127.399,-115.336,-71.232
91.342,-86.241,-53.600
53.380,-43.647,-58.163
72.229,-38.544,-84.023
17.822,-37.567,-89.531
37.554,-40.281,-83.914
107.579,-108.758,-80.717
98.107,-100.232,-51.235
109.925,-106.051,-45.489
106.877,-25.928,-44.816
51.485,-18.148,-30.414
38.379,-19.844,-24.572
25.298,-27.507,-38.234
9.729,-36.440,-5.103
39.093,-14.628,2.939
33.851,-15.391,2.081
26.407,-24.069,-9.205
14.298,-18.306,1.336
10.165,-20.798,-3.173
38.733,-105.525,-73.905
80.311,-44.035,-67.183
55.098,-72.314,-51.740
58.286,-104.819,-60.264
64.722,-61.374,-38.742
66.972,-53.451,-78.389
38.746,-65.465,-36.460
29.211,-26.445,-24.305
18.135,-31.312,-39.082
62.094,-100.767,-51.230
62.168,-86.704,-63.017
39.903,-26.889,-28.796
37.438,-59.181,-5.170
40.108,-25.830,-6.400
30.739,-27.219,-11.649
37.194,-24.245,-5.537
8.977,-25.359,-8.143
5.856,-13.933,3.313
7.833,2.492,19.985
6.615,16.501,35.165
40.131,4.328,24.610
32.557,6.616,24.761
34.143,9.412,21.404
34.012,-4.901,6.458
5.513,-8.373,4.627
6.606,-14.565,1.256
8.139,-23.751,-7.749
3.753,-15.372,4.286
7.678,-17.935,0.808
3.797,-10.589,11.487
4.300,-4.443,11.173
8.505,-2.351,12.714
6.326,-7.453,5.719
6.935,-14.635,1.247
5.634,-21.622,-2.597
6.133,-12.928,4.083
7.405,-24.187,-8.808
3.751,-10.421,26.327
2.628,-3.527,21.636
10.495,-6.423,16.052
9.477,-11.394,9.078
2.692,-12.909,8.047
7.875,-17.079,1.383
2.329,-12.442,11.056
6.799,-54.269,16.211
16.865,-85.424,-20.615
15.713,-28.422,-22.444
8.055,-96.972,-32.190
7.506,-32.178,-21.689
2.147,-5.663,36.797
1.257,-9.420,17.610
3.687,-59.667,-11.484
8.204,-35.071,-33.362
1.993,-25.755,-13.607
12.212,-23.982,-9.402
5.317,-25.601,-6.042
1.733,-12.307,4.298
2.714,-11.006,6.767
1.707,-4.078,13.384
1.311,-75.667,20.113
4.701,-95.750,-42.637
10.937,-32.275,-49.738
3.343,-23.815,-6.530
0.767,-22.190,-2.698
2.590,-20.537,0.397
2.697,-13.549,3.171
2.212,-6.976,7.507
2.050,-13.585,2.765
4.328,-22.459,-2.985
5.673,-19.171,1.410
2.618,-34.687,-65.807
3.973,-45.085,-106.312
2.149,-44.007,-91.330
0.519,-48.795,-86.656
0.529,-91.266,-62.640
0.534,-53.142,-54.327
0.588,-108.568,-61.308
0.515,-41.398,-59.192
0.290,-35.569,-50.748
0.505,-58.092,-21.517
0.795,-47.768,-103.971
0.183,-52.690,-75.041
0.136,-40.808,-47.937
0.190,-75.214,-1.655
0.313,-35.153,-37.769
0.267,-12.415,15.384
0.390,-13.229,12.730
0.952,-40.474,-36.225
0.104,-16.196,10.525
0.714,-85.212,-49.521
1.436,-115.352,-126.806
1.503,-50.451,-86.094
0.400,-42.569,-52.274
0.764,-41.683,-68.715
0.249,-24.622,-15.378
0.252,-8.981,24.181
0.282,-15.821,7.967
0.533,-4.895,40.573
0.332,-38.655,42.923
1.663,-54.906,-39.881
0.402,-28.774,-33.369
0.353,-55.135,4.840
0.637,-14.944,13.784
1.455,-28.398,-11.202
0.472,-17.128,6.563
1.242,-29.978,-14.998
0.332,-25.914,-16.955
0.490,-6.286,11.779
0.593,-5.862,38.838
0.762,-10.967,18.393
0.528,-17.035,5.061
0.965,-22.042,-0.878
2.852,-24.443,-15.013
1.539,-3.741,51.162
2.576,-10.561,25.291
3.183,-18.719,-0.147
0.248,-10.973,14.620
0.536,-1.856,48.064
1.684,-25.040,8.600
2.125,-31.799,-24.454
0.356,-15.326,6.210
1.670,-9.139,16.798
1.809,-10.012,17.492
1.801,9.654,35.322
15.810,-72.290,30.252
19.829,-91.664,-25.455
10.421,-25.603,-12.013
2.360,-6.544,22.772
6.204,-5.554,7.441
15.731,-80.005,-0.501
20.787,-96.075,-32.056
5.992,-76.993,3.007
4.687,-14.227,12.751
1.911,-68.220,25.561
6.565,-12.549,6.071
2.955,-11.278,25.048
4.704,-58.864,26.418
9.245,-84.261,-16.189
7.105,-45.823,-113.027
6.470,-109.178,-72.501
5.113,-38.349,-48.732
8.230,-92.333,-42.099
2.954,-35.968,-29.113
1.735,-23.829,-11.415
3.104,2.298,22.193
7.927,-69.470,32.912
9.642,-89.833,-13.446
7.929,-14.194,6.935
7.339,-35.505,4.105
2.752,-12.184,11.186
1.383,-23.748,-1.034
6.296,-49.032,-9.869
7.277,-45.401,-11.705
5.734,-18.294,2.212
3.131,-12.977,2.333
9.128,-19.600,0.705
9.065,-19.729,-0.760
9.194,-27.855,-5.628
12.685,-89.301,-8.923
10.560,-26.757,-9.807
11.492,-29.492,-16.506
12.500,-30.340,-18.625
8.525,-91.316,-28.743
13.345,-99.992,-18.505
14.109,-26.658,-20.523
10.441,-57.924,-14.121
14.167,-88.090,-10.038
4.832,-24.639,-1.739
10.861,-1.825,11.479
4.030,8.467,22.497
12.488,-69.880,7.088
16.470,-5.973,6.982
5.630,-54.762,14.455
6.304,-30.542,18.706
15.729,0.459,42.360
57.731,-64.587,14.308
161.048,-15.774,-8.013
29.836,-22.818,-18.192
141.316,-90.075,-35.452
169.051,-24.325,-35.039
74.314,-22.832,-10.787
101.271,-27.489,-22.288
26.633,-34.244,-20.309
63.788,-32.376,-12.759
163.331,-40.132,-61.506
35.034,-69.387,-53.784
167.347,-62.124,-31.223
54.671,-26.596,-26.395
133.680,-92.114,-32.680
110.509,-92.959,-24.797
105.410,-32.610,-32.107
63.687,-26.915,-18.342
34.073,-28.699,-28.259
33.433,-38.813,-75.869
22.479,-23.261,-6.732
23.468,-23.786,-8.461
24.806,-25.532,-9.682
64.051,-30.735,-30.545
119.385,-33.631,-22.301
94.180,-36.556,-35.263
140.809,-97.836,-39.683
202.373,-91.727,-55.310
185.509,-115.665,-91.596
186.856,-52.764,-74.503
199.832,-117.019,-66.065
215.504,-51.398,-89.226
29.624,-40.759,-102.096
124.637,-8.766,-4.331
198.290,-48.308,-159.318
209.258,-121.393,-167.295
254.208,-127.168,-182.843
236.278,-118.838,-92.883
241.195,-117.071,-87.808
257.673,-114.193,-105.951
256.697,-43.572,-94.174
256.706,-105.056,-75.202
255.833,-112.755,-117.177
257.381,-44.168,-147.185
36.838,-38.115,-87.553
114.034,-78.494,-19.864
204.992,-51.221,-41.172
183.749,-93.657,-80.673
119.073,-43.220,-85.776
195.001,-62.267,-119.624
274.372,-99.913,-118.090
257.038,-19.815,-66.728
105.533,-30.353,-70.175
209.505,-44.554,-121.008
148.821,-62.977,-84.961
204.248,-40.742,-116.772
269.174,-111.955,-181.429
235.131,-122.694,-231.991
271.250,-123.140,-257.986
277.723,-123.292,-207.175
279.587,-119.249,-105.106
210.162,-51.888,-116.576
33.168,-61.179,-255.935
19.041,-56.860,-194.180
37.597,-52.748,-97.299
72.624,-44.167,-69.306
114.665,-88.157,-97.454
129.155,-45.523,-84.369
37.782,-50.393,-113.183
156.405,-81.806,-134.462
284.930,-125.487,-210.737
60.141,-54.407,-164.324
30.872,-47.934,-72.317
162.163,-49.456,-140.253
26.205,-83.663,-91.610
274.556,-38.651,-114.875
156.778,-98.676,-89.742
232.965,-72.209,-145.063
287.785,-43.926,-123.872
225.646,-42.734,-91.460
109.874,-98.399,-101.406
232.768,-98.748,-138.866
223.869,-40.956,-63.655
101.423,-43.423,-97.746
115.449,-42.954,-82.445
65.907,-42.988,-73.171
295.650,-39.487,-86.269
195.078,-66.861,-164.594
302.090,-121.131,-233.801
300.434,-59.712,-156.219
290.472,-107.500,-137.893
292.580,-36.530,-171.039
31.851,-55.862,-126.841
205.534,-54.082,-243.861
74.619,-79.486,-137.731
263.677,-56.630,-256.890
89.325,-105.084,-96.149
292.631,-55.867,-148.992
247.873,-40.285,-88.241
112.836,-40.845,-103.906
218.516,-112.169,-213.208
255.084,-109.458,-227.229
66.185,-51.883,-80.746
197.228,-41.520,-58.522
71.481,-50.226,-92.040
235.068,-110.341,-177.803
266.061,-123.417,-253.900
284.337,-130.931,-334.036
240.643,-56.007,-178.527
63.100,-54.206,-216.123
186.652,-57.724,-290.848
37.141,-66.243,-243.128
248.933,-64.282,-201.895
250.772,-96.262,-180.413
176.056,-52.036,-114.422
128.670,-54.693,-116.662
180.774,-80.069,-135.111
145.002,-72.257,-105.690
123.133,-59.200,-107.840
108.047,-54.170,-81.098
185.483,-57.026,-96.287
57.633,-124.138,-114.804
102.392,-60.710,-128.197
31.669,-57.134,-90.207
69.309,-57.784,-115.458
51.930,-54.251,-115.689
83.515,-54.360,-121.785
99.919,-92.446,-92.350
195.729,-106.645,-111.136
233.874,-46.018,-157.882
146.801,-71.943,-96.199
57.913,-87.556,-83.716
157.651,-101.651,-75.011
111.035,-48.124,-52.159
142.011,-53.414,-84.041
141.110,-80.835,-73.052
57.023,-43.744,-62.481
76.849,-42.275,-83.033
150.149,-46.322,-89.585
120.414,-71.647,-96.280
112.185,-48.811,-74.094
100.313,-44.238,-72.435
96.711,-106.021,-94.394
143.219,-73.555,-103.094
47.375,-38.879,-73.486
58.638,-26.148,-51.400
14.911,-81.080,-67.392
135.334,-102.827,-110.913
166.249,-38.459,-78.846
83.725,-33.569,-59.568
84.466,-19.488,-12.665
59.646,-40.449,-5.444
93.995,-23.355,-15.167
96.742,-45.223,-40.426
159.128,-87.936,-62.984
114.166,-36.595,-51.673
89.481,-19.368,-33.252
34.161,-39.885,-86.150
118.334,-110.292,-160.306
163.773,-111.447,-85.472
157.980,-115.357,-81.686
159.188,-80.451,-66.020
150.908,-40.245,-74.246
100.264,-77.041,-60.670
149.046,-35.606,-104.629
126.348,-55.148,-78.733
135.421,-49.108,-97.228
130.134,-122.361,-100.314
131.490,-57.078,-136.286
31.528,-44.213,-143.986
42.045,-47.925,-160.711
118.732,-52.950,-193.863
116.840,-52.032,-97.695
121.066,-117.036,-49.031
125.130,-116.935,-61.533
120.917,-111.988,-67.407
116.864,-68.795,-78.547
78.975,-38.176,-72.053
52.783,-33.150,-63.807
55.649,-37.195,-71.733
44.387,-34.121,-44.459
15.060,-30.964,-23.870
42.052,-31.727,-37.063
30.755,-26.958,-32.652
55.941,-25.917,-29.995
79.095,-22.655,-28.175
13.984,-10.241,8.943
32.175,-8.861,2.662
5.951,-14.115,2.237
42.200,-30.405,-4.260
9.198,-10.126,9.460
10.184,-4.518,11.177
27.742,-15.736,-0.397
12.484,-14.467,2.669
62.794,-73.336,2.460
58.736,-20.238,-13.033
68.155,-30.939,-36.541
8.521,-45.784,-26.834
49.203,-20.655,-19.405
33.142,-55.515,-8.031
61.442,-27.443,-21.757
45.145,-18.134,-9.629
33.901,-10.104,11.222
35.722,-76.036,-2.823
6.558,-16.833,-3.412
49.928,-27.695,-45.245
6.592,-38.203,-69.623
9.525,-60.805,-50.890
39.276,-31.518,-26.740
39.374,-31.316,-23.158
23.042,-10.696,5.402
17.017,-11.574,13.576
4.542,0.060,12.894
17.055,-7.494,6.015
6.780,-27.760,-15.567
18.118,-28.772,-13.231
7.708,-30.698,-24.321
13.431,-6.329,16.716
15.243,-9.413,5.250
13.842,-6.083,6.992
5.764,-6.136,10.462
10.540,-65.882,22.408
29.048,-11.620,11.287
6.137,-13.813,7.058
8.424,-85.164,-15.758
23.676,-11.441,11.339
8.004,-28.732,-7.807
12.323,-101.896,-71.416
22.822,-83.407,-56.708
22.495,-96.472,-42.528
15.470,-26.843,-17.449
2.327,-5.749,9.867
15.737,-8.900,6.900
18.289,-75.855,7.582
18.632,-67.750,11.727
13.398,-64.845,4.837
18.274,-67.472,-60.546
16.182,-41.025,-39.020
3.105,-10.830,12.443
11.603,-33.789,-25.026
2.785,-61.319,-26.151
10.233,-48.142,-47.111
1.804,-38.022,-43.185
14.262,-127.585,-87.992
4.981,-76.546,-78.663
0.654,-23.815,-6.170
0.125,-18.477,2.331
0.327,-20.045,0.220
0.232,-16.427,4.444
0.132,-6.824,14.879
2.295,-5.157,11.223
4.587,-26.625,20.001
3.111,-13.560,11.725
1.532,-15.555,3.689
5.008,-27.739,-14.674
2.954,-14.248,11.474
9.302,-44.374,-44.385
4.724,-28.320,-27.548
4.958,-25.558,-17.509
2.916,-21.961,-2.809
1.708,-16.394,4.522
1.694,-19.077,0.716
3.028,-29.440,-20.786
2.552,-31.696,-29.413
4.096,-41.282,-50.321
6.905,-47.152,-52.408
4.571,-35.233,-61.416
0.741,10.131,31.954
4.123,-68.486,14.816
9.533,-27.416,-21.244
0.650,-5.631,18.894
8.278,-27.208,-6.079
7.045,-25.562,-20.493
7.931,-36.048,-27.403
7.238,-48.165,-37.431
6.465,-46.402,-51.209
2.505,-33.724,-43.481
8.806,-21.465,-8.976
10.438,-40.611,-40.791
1.521,-25.738,-11.445
5.664,-89.950,-74.107
11.746,-44.253,-48.197
1.943,-28.950,-27.614
1.571,-19.447,1.610
7.256,-44.122,-72.854
1.119,-22.824,-7.223
2.182,-79.948,1.799
9.725,-36.497,-24.923
7.596,-33.424,-26.357
8.277,-44.205,-33.411
11.469,-32.054,-25.022
14.071,-30.899,-23.803
2.650,-22.869,-9.188
7.377,-19.723,1.270
12.701,-26.866,-31.419
10.705,-85.487,-84.317
18.354,-68.924,-79.903
3.420,-37.112,-70.184
0.568,-31.198,-44.040
1.126,-42.165,-48.846
1.631,-49.627,-72.458
1.447,-63.234,-63.039
2.825,-116.658,-77.250
2.250,-49.703,-105.546
1.453,-46.027,-112.266
0.505,-49.221,-99.567
1.113,-53.433,-124.945
2.116,-49.674,-79.603
0.497,-32.018,-26.372
1.738,-95.156,-80.880
2.782,-62.978,-64.458
1.199,-22.598,-6.781
2.664,-20.276,-2.287
0.515,-18.385,5.292
1.903,-38.453,-52.977
4.613,-36.661,-42.188
2.542,-60.771,-168.325
2.822,-109.364,-107.066
3.801,-81.295,-88.469
4.606,-87.718,-95.806
2.002,-66.542,-101.668
4.789,-59.078,-81.314
6.257,-125.534,-100.695
5.978,-56.364,-108.010
1.404,-42.853,-81.401
0.668,-45.541,-120.967
3.743,-54.020,-147.126
3.556,-61.120,-138.523
3.385,-65.647,-97.832
7.803,-107.135,-136.613
8.046,-114.672,-73.068
8.286,-43.587,-60.977
3.523,-51.228,-76.791
7.054,-68.359,-105.091
7.412,-115.252,-122.632
8.648,-73.819,-119.926
8.922,-58.410,-185.292
2.466,-26.180,-31.559
1.542,-31.740,2.127
4.053,-40.542,-89.944
7.071,-61.141,-114.338
9.744,-61.218,-63.881
4.786,-53.298,-102.570
10.292,-96.446,-75.435
4.086,-112.383,-61.421
12.234,-62.239,-85.363
10.412,-50.992,-63.387
4.738,-42.475,-84.714
6.324,-48.390,-73.551
9.675,-111.796,-60.163
13.021,-58.518,-76.180
9.725,-47.636,-87.936
7.066,-46.981,-88.448
8.524,-43.401,-65.572
7.663,-40.876,-50.356
9.296,-40.021,-41.868
8.087,-36.778,-47.218
7.861,-27.064,-15.639
5.148,-28.512,-35.372
2.431,-24.165,3.050
1.998,-10.870,6.580
3.304,-4.602,10.218
9.777,-10.071,8.347
7.115,4.458,23.831
10.611,-1.745,16.003
77.784,-17.172,-5.269
34.859,-26.639,-32.789
65.067,-26.314,-32.889
72.994,-26.050,-11.200
23.816,-33.743,-35.530
95.758,-115.253,-125.038
166.650,-112.978,-65.570
168.684,-114.700,-95.692
169.036,-106.565,-67.511
179.910,-101.970,-45.193
183.112,-99.449,-24.134
186.317,-32.683,-34.671
190.717,-103.665,-30.404
166.746,-74.856,-36.054
157.768,-108.034,-56.813
196.348,-117.464,-103.772
201.407,-115.743,-111.741
61.926,-42.747,-92.578
120.499,-50.190,-155.607
124.948,-57.219,-190.994
107.341,-108.305,-179.565
210.745,-134.028,-151.796
218.644,-119.623,-83.113
196.560,-45.616,-172.377
185.639,-82.595,-79.484
206.651,-29.974,-82.268
65.704,-37.123,-58.127
74.962,-43.615,-65.334
168.728,-104.068,-89.291
167.252,-49.789,-164.861
59.142,-109.915,-89.249
111.277,-58.667,-101.789
101.829,-109.734,-76.977
156.151,-51.741,-63.583
47.779,-55.175,-81.458
201.773,-67.899,-144.849
149.976,-64.848,-250.208
222.020,-131.629,-187.861
199.657,-56.674,-77.574
188.542,-99.235,-65.989
258.239,-95.662,-126.469
261.449,-55.687,-219.810
63.964,-57.511,-251.123
33.399,-51.836,-138.101
36.076,-42.348,-72.162
39.385,-44.232,-75.550
35.368,-44.796,-82.262
146.083,-99.110,-74.328
263.455,-113.150,-89.911
249.716,-107.150,-79.665
275.589,-33.904,-63.040
74.980,-37.762,-86.548
36.423,-45.745,-42.577
94.536,-37.415,-54.510
59.952,-42.869,-87.114
89.032,-55.629,-60.922
259.256,-29.954,-60.592
182.208,-32.951,-32.113
207.354,-35.389,-64.621
235.704,-109.189,-108.548
201.734,-39.539,-138.928
88.593,-100.268,-103.392
290.523,-115.020,-151.278
288.853,-105.930,-107.807
293.386,-106.989,-59.833
205.096,-66.800,-53.721
206.356,-34.652,-56.846
236.594,-102.029,-76.081
211.121,-118.802,-157.564
295.009,-67.283,-236.561
237.173,-68.546,-194.975
274.334,-133.756,-141.163
301.088,-131.118,-132.025
273.245,-54.629,-126.025
251.141,-51.878,-139.631
57.404,-110.158,-106.871
126.639,-46.319,-103.654
261.850,-73.567,-186.666
300.737,-114.159,-174.242
276.635,-53.657,-229.292
302.621,-59.385,-271.776
241.658,-104.817,-133.910
278.383,-29.119,-71.327
61.282,-29.556,-65.909
253.729,-103.143,-148.902
101.239,-35.819,-79.251
115.767,-37.437,-61.681
276.531,-112.299,-210.141
136.188,-55.414,-87.205
264.873,-100.862,-87.637
285.715,-41.290,-109.227
201.061,-43.401,-106.485
256.693,-52.638,-175.537
299.019,-122.293,-186.803
298.473,-114.711,-126.291
294.159,-70.978,-123.885
149.793,-42.347,-71.280
39.273,-42.552,-51.959
130.308,-73.661,-40.519
221.896,-39.312,-68.934
272.061,-81.434,-76.009
283.260,-40.178,-145.951
154.597,-68.512,-92.214
166.884,-29.976,-71.006
257.134,-20.110,-87.257
143.158,-82.994,-75.073
212.386,-115.624,-190.519
254.296,-45.953,-161.701
98.186,-45.361,-122.142
221.155,-48.246,-168.380
275.303,-114.473,-200.526
279.068,-121.655,-198.662
258.080,-103.321,-131.791
261.670,-31.994,-93.569
38.655,-99.538,-86.466
267.064,-118.691,-273.457
269.608,-123.381,-152.091
101.530,-65.826,-112.236
156.702,-71.080,-178.392
121.747,-85.918,-138.459
98.866,-99.799,-117.307
250.649,-50.688,-198.850
122.300,-113.082,-137.396
244.944,-112.357,-195.503
188.186,-47.569,-116.683
240.971,-100.212,-96.208
170.865,-42.927,-180.240
189.614,-108.773,-185.427
195.439,-73.440,-153.213
222.307,-51.149,-135.602
188.339,-77.081,-263.902
91.419,-60.246,-225.509
20.705,-58.364,-236.165
24.327,-51.819,-121.650
65.287,-107.591,-80.612
111.910,-105.290,-96.854
64.997,-42.492,-65.477
155.193,-102.183,-92.895
114.692,-37.607,-100.033
39.758,-66.555,-75.653
40.658,-37.308,-64.412
89.956,-33.334,-41.238
168.668,-74.506,-64.831
153.514,-39.678,-74.898
157.623,-38.917,-98.730
53.406,-102.749,-139.979
165.175,-106.165,-135.721
173.747,-43.247,-132.173
115.621,-99.874,-131.910
41.031,-27.919,-33.305
80.016,-13.311,-1.305
124.339,-22.023,-22.513
168.601,-90.503,-63.314
58.244,-53.613,-24.512
71.702,-14.946,-32.593
173.192,-81.899,-110.936
174.841,-113.233,-179.905
100.011,-35.660,-70.409
70.562,-97.021,-73.795
157.630,-98.683,-53.058
136.311,-33.576,-61.332
70.602,-17.202,-9.591
20.162,-27.710,-36.058
29.388,-28.727,-49.077
27.596,-17.596,0.124
21.650,-30.826,-44.456
11.270,-40.871,-83.864
39.107,-32.232,-43.305
9.889,-29.065,-30.714
47.040,-25.700,-13.714
46.310,-23.521,-14.159
72.991,-25.221,-18.550
93.820,-37.641,-75.553
99.077,-34.274,-69.140
51.548,-23.871,-29.625
82.795,-19.332,-18.075
85.635,-20.998,-14.706
49.051,-23.046,-9.239
17.104,-33.890,-53.151
81.364,-116.110,-145.195
97.924,-113.097,-51.104
103.718,-47.210,-85.512
78.805,-36.897,-47.690
6.947,-30.402,-36.381
10.831,-40.813,-87.660
85.532,-40.581,-101.160
7.681,-34.598,-58.327
21.111,-35.498,-29.190
8.599,-45.597,-9.539
44.570,-10.604,4.712
41.259,-2.742,18.803
48.340,-28.208,-46.172
12.549,-22.357,-15.896
46.043,-42.406,-95.316
74.123,-37.260,-42.078
22.962,-5.099,16.915
45.811,-0.914,15.595
19.795,-39.564,9.823
9.471,-17.435,1.777
31.070,-54.153,3.121
42.699,-57.006,15.114
52.015,6.943,20.885
39.651,4.277,17.643
40.191,-13.518,-1.326
3.680,-19.580,-1.555
7.780,-10.105,7.411
49.603,-64.715,-22.573
36.191,-29.579,-22.828
6.407,-26.198,-12.542
24.019,-82.436,-23.456
9.521,-38.974,-44.946
10.471,-41.977,-64.430
27.739,-71.158,-75.472
38.947,-110.551,-102.930
32.209,-46.834,-90.671
36.566,-15.516,4.298
27.346,-91.870,-45.421
35.277,-108.419,-75.766
21.874,-90.502,-83.398
32.623,-38.783,-58.987
32.054,-33.192,-46.666
30.250,-63.635,-61.160
18.140,-105.307,-63.262
24.847,-114.035,-88.442
28.167,-58.339,-106.314
4.322,-27.194,-24.731
13.440,-93.512,-30.330
21.055,-50.160,-70.197
2.099,-29.615,-32.201
4.919,-64.442,24.378
21.441,-25.726,24.342
6.718,-7.390,23.395
4.318,-14.682,10.347
1.680,-4.213,10.708
7.219,-3.584,12.404
1.539,-0.265,17.720
7.326,-4.707,9.262
1.290,-14.986,13.736
12.583,-18.245,1.706
2.651,-12.842,5.601
1.605,-0.687,14.027
2.576,-7.772,5.432
3.861,-15.725,2.520
4.109,-11.977,9.008
3.698,-13.533,9.917
5.769,-10.876,5.870
5.922,-7.898,13.916
3.643,-4.525,11.979
1.763,-8.569,3.816
1.303,-22.231,-6.108
3.967,-42.895,-104.344
7.928,-58.360,-121.207
1.531,-34.666,-55.838
1.795,-23.552,-6.984
0.901,-20.975,-3.319
3.028,-19.443,0.141
4.918,-91.581,-33.012
5.027,-84.038,-46.292
1.546,-78.800,12.098
9.267,-76.831,-47.157
7.280,-41.285,-54.080
9.423,-45.591,-63.508
5.874,-49.287,-40.546
4.862,-115.167,-82.259
2.870,-72.225,-69.861
4.264,-76.204,-29.500
1.696,-57.303,-25.232
1.203,-21.297,-2.241
3.369,-21.051,-2.857
1.498,-21.504,-2.605
0.966,-22.746,-5.033
8.805,-36.817,-43.624
1.281,-84.553,-8.222
8.646,-29.508,-28.460
1.887,-17.900,2.761
2.180,-5.382,10.937
1.123,0.260,13.937
1.137,-10.667,5.621
1.695,-71.938,0.980
5.962,-31.472,-19.763
0.784,-20.600,-0.660
2.042,-22.090,-2.951
3.375,-25.230,-12.734
6.481,-33.317,-40.056
6.583,-39.199,-34.840
5.145,-44.663,-56.176
8.296,-62.134,-61.260
8.764,-69.813,-91.518
11.407,-106.139,-136.333
7.688,-45.640,-83.798
13.131,-40.703,-91.734
4.135,-29.740,-40.879
2.763,-27.008,-11.919
11.536,-42.610,-47.769
11.619,-60.706,-68.486
11.663,-59.883,-55.805
13.393,-60.953,-59.096
12.930,-59.917,-60.639
16.058,-63.994,-64.737
13.316,-46.432,-77.436
17.560,-43.364,-68.894
17.016,-28.817,-26.487
7.183,-36.125,2.505
16.628,-15.060,14.639
24.710,-15.759,8.198
22.695,-35.932,-38.479
26.532,-11.260,13.463
3.208,-11.634,12.748
6.161,-9.375,9.396
6.351,-2.482,19.236
16.398,-10.314,16.579
32.985,-79.698,-18.192
23.660,-44.421,-30.644
26.074,-24.322,-10.565
4.778,-21.315,-3.255
37.871,-15.138,13.542
38.157,-13.891,10.347
10.089,-70.343,5.300
36.946,-21.264,-12.618
19.230,-6.918,18.089
7.364,-2.251,16.055
9.575,5.486,17.045
26.298,1.356,15.544
45.462,-12.083,8.698
12.052,-86.815,-11.504
52.043,-41.239,-55.851
54.082,-19.277,-1.683
56.856,-84.900,-11.287
13.238,-7.629,18.669
16.662,3.865,17.945
11.895,-1.424,7.759
23.039,-13.925,3.469
24.724,-57.521,3.602
39.007,-16.179,5.719
22.449,-16.841,4.668
23.389,-32.390,-9.595
20.907,-20.955,-1.927
50.639,-22.517,-4.164
47.922,-26.460,-11.274
78.425,-33.252,-27.393
46.239,-32.854,-34.749
58.030,-36.593,-54.451
37.087,-72.794,-81.477
62.942,-110.405,-65.847
98.181,-111.724,-67.841
40.296,-32.792,-29.241
9.093,-56.474,-33.103
5.108,-23.950,-6.804
1.605,-11.931,6.493
12.280,-37.095,24.795
8.384,-9.886,6.036
1.723,-15.112,11.019
1.495,-18.291,4.490
3.844,-67.704,-8.519
10.944,-27.201,-16.812
13.067,-5.310,26.508
9.306,-52.644,36.116
57.269,-73.979,21.648
33.556,-12.113,3.390
8.139,-88.512,-13.055
10.769,-31.241,-29.597
15.266,-29.994,-21.880
2.214,-23.410,-8.225
2.637,-19.124,1.441
6.407,-11.787,4.439
33.185,-9.484,5.278
21.836,-31.762,-17.809
151.498,-41.540,-44.713
21.989,-43.727,-69.285
123.074,-107.395,-63.353
127.641,-123.432,-151.440
168.710,-84.267,-107.628
29.633,-43.487,-91.135
167.216,-67.345,-74.357
170.299,-49.652,-76.540
19.771,-33.367,-39.562
74.322,-63.573,-32.836
153.268,-35.146,-91.332
115.001,-38.333,-73.341
137.339,-104.951,-75.175
177.401,-48.014,-117.653
127.542,-97.881,-80.228
124.099,-31.471,-64.970
171.210,-90.010,-72.990
102.372,-35.531,-71.725
75.759,-92.284,-75.816
135.762,-115.321,-158.613
186.635,-111.446,-159.773
205.519,-81.130,-120.690
156.040,-28.548,-28.545
41.007,-93.983,-24.542
228.328,-75.991,-74.089
230.229,-60.122,-76.780
117.406,-36.484,-70.037
142.274,-114.167,-92.422
92.665,-46.039,-113.270
176.010,-37.758,-60.535
175.132,-37.432,-92.379
192.058,-98.847,-93.555
230.293,-106.441,-128.946
105.773,-108.853,-98.335
197.398,-107.977,-88.110
252.124,-104.419,-81.500
255.009,-111.777,-86.762
256.894,-41.130,-53.620
259.116,-116.955,-113.470
262.441,-45.708,-107.781
230.696,-99.336,-67.585
262.456,-93.890,-53.388
241.362,-90.525,-49.092
264.006,-35.609,-92.830
267.979,-98.660,-76.417
275.052,-101.041,-54.492
272.064,-74.406,-59.828
238.902,-87.649,-58.358
267.201,-104.856,-98.780
266.646,-105.377,-95.871
226.685,-95.499,-55.442
228.312,-94.392,-65.612
182.541,-41.059,-116.569
34.812,-73.319,-296.748
221.098,-107.321,-179.397
280.618,-108.202,-164.173
252.627,-105.657,-185.992
286.239,-124.280,-205.075
158.716,-57.916,-92.948
97.159,-84.270,-111.281
213.555,-55.378,-198.293
20.399,-52.931,-216.699
21.388,-42.788,-109.059
42.735,-38.441,-70.340
133.174,-62.924,-89.765
236.067,-36.399,-62.889
140.144,-101.278,-32.818
262.349,-39.044,-69.947
267.140,-107.453,-74.824
290.789,-61.312,-88.744
257.861,-36.630,-99.702
23.356,-48.520,-89.905
188.226,-107.951,-96.929
299.300,-100.826,-71.310
295.752,-72.164,-71.931
282.525,-103.188,-137.689
219.068,-41.076,-167.927
289.554,-111.931,-264.621
302.399,-117.739,-207.707
301.511,-111.864,-80.878
298.297,-101.729,-76.170
299.628,-52.631,-154.925
134.194,-96.626,-129.379
258.434,-104.481,-137.136
280.677,-80.103,-166.368
300.084,-119.253,-278.097
298.981,-62.551,-154.468
60.608,-116.194,-187.329
300.881,-104.028,-332.797
302.665,-119.462,-249.437
244.084,-95.022,-145.188
274.135,-103.392,-91.386
185.285,-73.145,-93.803
234.119,-120.189,-156.939
192.572,-103.633,-122.494
75.191,-55.708,-68.085
180.894,-117.343,-113.300
276.424,-45.131,-160.324
156.929,-46.847,-132.144
110.478,-112.229,-140.338
151.486,-48.973,-105.655
61.908,-80.485,-87.749
141.502,-48.218,-115.414
121.852,-46.274,-86.554
189.126,-118.066,-185.474
136.830,-108.170,-139.236
98.101,-43.189,-66.321
194.204,-39.498,-67.919
203.024,-42.430,-128.646
31.232,-53.731,-173.703
15.291,-44.029,-126.525
36.761,-35.242,-42.786
69.845,-32.045,-36.460
24.651,-34.327,-45.403
120.439,-94.727,-60.336
253.232,-70.162,-113.413
207.165,-31.236,-109.796
118.055,-63.997,-68.245
194.865,-83.339,-59.443
173.539,-75.530,-78.606
184.036,-100.588,-155.651
93.813,-47.969,-140.422
85.057,-47.372,-144.813
241.087,-44.258,-106.033
140.259,-44.891,-111.033
93.909,-70.536,-73.740
221.056,-36.720,-65.624
116.639,-38.557,-90.745
89.144,-32.138,-63.962
205.029,-33.703,-91.295
206.318,-36.289,-117.293
203.190,-57.581,-95.857
163.120,-94.816,-142.490
178.921,-112.625,-225.255
224.501,-110.827,-169.707
221.412,-46.087,-119.857
174.596,-40.864,-74.738
148.297,-92.331,-101.038
36.987,-33.173,-70.000
65.291,-41.688,-96.233
108.781,-75.128,-98.973
132.692,-49.380,-130.483
81.865,-41.397,-81.751
141.219,-93.972,-60.832
191.875,-35.612,-108.629
114.925,-99.793,-115.233
174.576,-46.082,-123.741
183.727,-107.111,-123.044
172.954,-93.305,-101.888
158.765,-103.732,-80.620
176.639,-111.344,-103.216
159.666,-111.200,-93.538
161.354,-69.282,-89.927
54.694,-46.255,-66.265
122.469,-41.454,-109.952
93.658,-35.764,-94.814
93.302,-42.032,-70.308
28.741,-40.487,-54.355
17.064,-41.855,-50.389
103.391,-38.602,-68.516
91.197,-58.455,-81.770
136.370,-55.692,-90.936
129.807,-98.547,-62.864
128.406,-100.941,-49.541
93.159,-62.707,-43.792
97.354,-35.857,-36.524
125.988,-41.189,-61.659
55.483,-43.414,-62.622
92.846,-79.747,-50.888
65.199,-28.668,-42.539
13.324,-74.119,-29.376
31.296,-83.413,-12.348
100.061,-31.297,-54.102
47.018,-23.388,-12.129
24.208,-27.718,-20.682
58.487,-91.713,-41.161
16.930,-112.335,-116.970
112.461,-105.940,-108.517
85.512,-101.896,-66.106
100.721,-110.311,-86.763
77.670,-110.168,-90.056
26.050,-38.481,-71.836
25.701,-55.777,-42.216
37.218,-30.628,-32.560
7.016,-27.383,-33.034
23.365,-21.881,-9.114
20.774,-21.863,-2.846
11.529,-23.644,-6.956
8.050,-27.247,-19.489
8.867,-20.380,-2.253
50.043,-19.518,-7.497
56.867,-64.280,-29.901
66.907,-96.658,-70.543
67.060,-54.972,-19.175
19.530,-12.611,10.242
27.414,-11.030,3.079
66.316,-28.570,-31.442
11.038,-30.160,11.417
25.254,-11.657,7.625
51.275,-47.297,-31.326
21.496,-21.749,-10.324
39.254,-43.940,-14.179
44.985,-83.374,-10.447
23.612,-12.181,6.868
13.962,-6.911,9.757
7.041,-10.544,11.024
10.588,-21.527,-8.133
13.316,-27.090,-26.558
21.097,-27.428,-32.620
32.838,-28.792,-20.113
15.847,-23.281,-16.421
16.713,-8.065,6.746
8.705,-77.152,1.985
37.303,-27.695,-43.991
18.634,-78.722,0.229
35.439,-36.768,-34.718
5.129,-18.101,2.642
4.296,-10.704,7.604
7.085,-17.194,0.596
13.529,-19.734,-6.589
13.516,-26.480,-14.394
4.814,-32.266,-30.709
16.794,-43.554,-42.402
6.663,-39.954,-59.076
2.271,-23.380,-14.183
1.862,-19.173,0.694
5.711,-21.156,-3.054
2.492,-27.616,-13.269
3.005,-32.791,-30.415
7.826,-33.826,-18.535
2.042,-26.751,-12.835
7.857,-22.977,-6.791
18.223,-34.481,-41.654
9.577,-28.852,-22.295
5.776,-25.681,-17.814
1.904,-2.108,27.494
13.849,-0.671,14.399
0.939,-4.640,8.321
1.996,-19.249,19.161
3.746,-7.164,29.994
3.949,-0.029,27.055
8.824,-73.928,15.554
9.779,-26.075,-22.981
3.632,-15.827,6.992
13.018,-79.733,2.153
12.182,-25.951,-10.754
6.981,-24.616,-11.526
7.139,-23.073,-7.179
7.536,-22.145,-4.554
2.048,-14.497,10.038
1.543,-6.634,7.434
1.718,-4.255,8.489
1.608,-8.089,7.884
3.628,-9.081,7.383
3.312,-9.951,10.940
4.625,-28.136,-17.640
7.926,-36.982,-37.465
2.401,-22.462,-4.105
1.451,-18.787,2.365
3.544,-38.755,-73.555
6.191,-53.973,-95.278
2.942,-50.299,-93.062
0.564,-43.563,-54.287
0.839,-60.403,-158.015
0.559,-57.470,-175.823
0.515,-57.548,-152.484
0.605,-59.545,-102.211
0.735,-64.836,-84.339
0.554,-53.952,-87.755
0.496,-110.450,-81.994
1.081,-52.983,-83.371
0.107,-18.569,4.145
0.183,-10.391,13.147
0.469,-15.819,5.927
0.192,-13.980,11.749
0.102,-4.806,23.943
0.119,1.003,45.808
2.708,-10.350,15.312
0.524,-25.497,36.987
1.503,-13.883,15.784
0.699,-6.631,34.661
1.319,-10.884,14.243
1.887,-17.921,5.385
4.560,-24.845,-10.529
0.854,-91.278,-28.253
0.418,-24.622,-14.489
0.729,-37.361,-74.568
1.003,-52.422,-109.916
0.875,-45.270,-54.594
0.570,-34.607,-48.611
0.342,-36.616,-55.130
0.962,-47.253,-67.074
1.112,-52.461,-82.981
1.054,-38.437,-49.249
0.493,-26.181,-13.952
2.049,-41.649,-48.140
0.359,-19.723,1.268
1.157,-18.803,1.632
0.195,-20.090,0.136
0.766,-87.868,-5.717
2.442,-36.200,-32.140
0.410,-25.737,-14.898
0.534,-18.621,4.771
1.418,-12.887,15.760
0.282,-3.623,57.876
1.313,-59.225,33.199
3.603,-15.108,11.714
2.731,-19.338,-7.418
2.510,-16.619,8.300
0.918,-87.518,-14.405
1.824,-26.135,-15.025
2.255,-54.781,-10.133
3.851,-25.114,-14.348
4.586,-23.369,-11.472
0.519,-18.985,2.363
2.446,-19.588,-0.645
5.350,-93.779,-32.355
3.509,-32.142,-37.519
1.961,-24.085,-12.850
5.876,-77.061,-40.470
5.428,-107.736,-64.178
4.512,-39.322,-50.117
4.591,-17.921,3.783
0.734,-0.539,19.704
3.468,-85.307,-5.341
3.755,-24.756,-10.773
4.877,-94.711,-29.966
3.916,-21.963,-4.785
4.230,-77.159,9.458
7.801,-65.371,-2.691
6.028,-22.598,-3.347
4.432,-24.532,-8.422
6.333,-80.969,-33.647
9.037,-100.662,-44.749
9.065,-39.542,-41.022
8.318,-28.354,-29.239
3.838,-22.650,-12.264
8.701,-98.825,-42.864
10.449,-89.255,-39.168
5.030,-33.846,-32.326
6.134,-18.943,0.971
2.831,-23.681,-10.115
6.747,-33.038,-24.575
10.451,-80.885,-24.726
9.892,-103.868,-29.865
10.352,-43.041,-36.100
8.169,-36.859,-25.947
10.841,-36.444,-27.601
5.813,-28.993,-22.935
9.868,-25.337,-10.369
7.976,-29.078,-12.491
8.012,-29.297,-17.337
7.899,-32.140,-21.951
12.905,-98.431,-20.586
14.329,-98.348,-33.233
12.824,-92.821,-19.763
11.463,-26.803,-18.088
3.296,-23.815,-12.322
3.059,-21.599,-3.488
15.046,-5.887,9.411
3.840,-84.410,-2.696
4.807,-27.674,-19.143
6.177,-33.593,-36.436
8.456,-28.582,-16.468
13.449,-29.470,-18.673
15.278,-26.189,-10.084
12.650,-15.325,0.844
5.287,-21.263,1.693
4.877,-9.629,3.638
14.722,-3.790,5.839
18.808,-1.794,10.053
4.207,1.085,14.204
4.678,-1.721,6.751
2.352,-10.723,6.803
7.015,-16.194,5.132
5.418,-10.723,4.286
10.837,-2.491,11.740
6.846,-17.393,7.937
2.719,-14.828,4.109
7.892,-11.313,4.889
5.013,-12.314,11.758
2.463,-16.615,5.800
39.786,-30.059,-28.839
170.870,-47.480,-97.802
160.019,-42.176,-79.611
51.412,-35.413,-54.980
52.108,-85.412,-36.592
192.359,-41.350,-117.528
159.344,-37.144,-66.942
184.252,-110.783,-89.023
230.875,-105.152,-89.847
231.355,-46.504,-133.772
149.960,-88.512,-54.001
231.538,-98.324,-111.159
159.858,-87.196,-75.715
173.696,-99.393,-77.459
150.280,-109.923,-115.019
78.022,-50.744,-100.460
131.243,-63.248,-200.824
249.350,-137.705,-183.456
254.874,-132.052,-127.857
258.533,-97.371,-165.032
257.112,-129.450,-111.704
260.105,-121.618,-98.716
233.359,-51.725,-141.878
192.636,-53.358,-149.524
63.055,-121.786,-115.984
251.028,-78.812,-109.984
251.923,-125.363,-120.537
268.532,-117.504,-74.369
269.413,-54.635,-76.660
225.477,-109.335,-85.175
273.162,-69.826,-186.393
243.637,-117.055,-233.588
206.881,-129.035,-143.406
204.939,-124.609,-118.387
242.662,-54.131,-129.574
43.626,-51.299,-180.655
65.497,-19.878,-3.048
79.241,-4.568,6.357
157.175,-48.350,-19.231
239.611,-29.726,-66.454
240.274,-33.494,-57.546
175.389,-110.571,-128.497
274.200,-94.812,-79.701
164.037,-25.407,-38.062
46.051,-34.009,-52.493
248.367,-95.437,-123.748
194.722,-61.559,-82.376
194.246,-91.746,-78.520
297.024,-109.022,-187.553
295.351,-107.428,-134.301
292.353,-95.622,-62.434
299.107,-98.694,-71.708
297.326,-93.161,-49.927
298.651,-95.055,-92.886
297.536,-99.504,-125.733
295.537,-92.523,-108.943
291.991,-92.619,-82.729
289.887,-42.302,-138.943
291.102,-93.254,-123.448
296.082,-105.204,-143.127
295.086,-101.502,-162.532
293.093,-105.172,-201.913
177.416,-93.140,-238.583
297.079,-95.798,-183.412
285.153,-38.211,-173.687
227.847,-121.226,-186.991
302.183,-135.102,-230.347
295.979,-131.882,-206.678
298.975,-85.786,-227.982
290.011,-44.483,-178.579
280.790,-110.094,-249.313
295.116,-126.384,-199.722
231.882,-116.349,-143.532
228.311,-58.512,-179.077
270.647,-52.465,-182.126
248.879,-122.481,-246.949
296.815,-55.833,-171.451
233.896,-46.519,-118.366
101.506,-50.851,-180.957
124.464,-79.813,-262.364
160.790,-33.888,-127.143
198.903,-59.696,-86.332
36.335,-45.791,-22.170
96.233,-35.706,-65.291
83.370,-36.475,-82.325
48.060,-46.664,-144.537
110.132,-32.172,-73.582
88.164,-39.634,-18.895
105.904,-25.525,-24.903
34.692,-60.538,-53.102
280.811,-105.289,-167.196
275.630,-39.257,-121.837
128.137,-42.990,-144.422
175.414,-42.457,-132.113
245.451,-50.895,-196.679
249.354,-105.119,-116.659
231.723,-51.533,-127.667
108.277,-102.745,-135.196
172.661,-47.735,-170.088
20.867,-37.689,-64.951
25.620,-93.486,-59.564
256.926,-111.923,-172.858
182.205,-40.808,-150.468
146.967,-36.347,-103.833
179.500,-41.873,-147.811
74.851,-69.005,-93.327
156.578,-43.325,-133.993
111.670,-54.089,-62.666
129.162,-96.256,-100.183
195.791,-39.544,-95.536
89.768,-45.866,-92.992
202.703,-50.226,-114.523
202.630,-47.834,-125.986
27.198,-38.122,-107.971
82.411,-22.931,-19.027
151.516,-92.525,-42.862
232.307,-110.205,-89.611
181.623,-45.868,-122.085
46.786,-95.991,-74.396
158.051,-95.749,-89.486
42.669,-33.905,-76.095
68.720,-20.773,-15.956
189.889,-17.490,-74.095
39.072,-94.893,-54.742
183.417,-104.615,-90.970
120.288,-38.355,-76.107
98.590,-27.812,-31.815
98.636,-25.484,-23.875
38.938,-34.120,-44.511
117.184,-46.256,-77.124
128.254,-58.988,-73.962
118.587,-67.698,-50.820
106.248,-22.605,-22.716
106.046,-29.265,-33.943
145.922,-46.408,-49.594
157.093,-79.252,-71.166
71.523,-93.017,-80.102
161.559,-61.800,-107.995
85.480,-55.876,-94.505
138.479,-37.785,-81.085
154.793,-75.442,-96.016
88.415,-89.008,-82.093
122.361,-99.582,-105.383
123.790,-95.961,-99.189
147.421,-109.298,-134.365
151.650,-48.982,-93.482
100.902,-34.279,-63.034
103.507,-29.489,-62.480
88.427,-66.472,-42.617
104.214,-39.798,-73.459
64.288,-29.021,-79.188
67.059,-34.682,-73.076
40.706,-36.823,-78.791
97.916,-37.666,-97.003
87.193,-100.085,-92.146
114.867,-33.456,-65.206
25.013,-80.309,-35.858
120.642,-109.322,-131.764
119.200,-51.524,-70.994
34.681,-26.273,-29.165
87.105,-28.696,-80.826
20.610,-17.063,-15.317
61.003,-50.582,-117.531
23.461,-84.881,-51.529
99.409,-35.011,-90.594
14.636,-27.402,-18.817
20.280,-6.121,10.893
9.251,-21.350,-9.673
55.312,-91.562,-100.829
82.375,-40.123,-108.858
20.198,-35.590,-50.773
52.782,-91.719,-40.867
84.060,-104.959,-82.205
74.678,-67.937,-19.914
9.391,-80.759,-11.660
78.070,-107.977,-154.140
24.593,-30.229,-69.710
23.299,-39.337,-85.441
6.249,-35.700,-62.734
11.201,-28.954,-30.456
24.165,-34.120,-48.639
47.670,-82.644,-36.061
35.721,-38.153,-6.374
32.236,-25.733,-7.631
17.939,-25.903,-8.131
10.604,-20.151,-2.382
10.828,-20.527,-3.805
10.545,-27.711,-9.219
7.262,-32.409,-21.147
7.597,-34.644,-27.737
12.445,-35.031,-25.915
13.432,-34.279,-35.258
9.763,-29.798,-43.591
4.820,-16.477,9.761
21.952,-79.498,-2.077
40.224,-29.970,-35.322
21.181,-35.559,-29.785
22.365,-7.017,22.166
4.021,15.594,42.949
9.062,9.699,23.711
1.981,-2.041,9.260
11.327,-7.265,29.693
5.032,-13.940,5.476
3.658,-81.133,-17.695
29.168,-63.039,-29.098
21.443,-46.422,-34.588
5.286,-34.709,-25.769
16.707,-41.810,-43.947
10.692,-24.598,-15.802
2.220,-15.792,3.500
4.788,-25.580,14.878
3.520,-4.645,28.884
1.941,-6.269,18.527
9.522,-42.820,-32.262
3.671,-92.889,-74.308
3.846,-51.517,-36.871
4.733,-30.820,-22.665
7.961,-111.396,-118.992
17.706,-55.810,-101.935
17.271,-57.379,-115.012
6.764,-39.903,-92.235
1.877,-0.475,33.882
4.480,-17.277,20.332
1.961,-11.457,17.796
7.502,-17.897,-13.708
1.679,-38.714,-28.001
2.180,-48.107,-83.944
10.891,-59.135,-108.872
3.128,-38.522,-46.874
1.081,-8.794,21.642
6.142,-97.393,-86.235
9.103,-45.149,-99.911
4.881,-40.706,-55.349
8.918,-8.328,15.167
9.176,-119.853,-162.396
10.009,-48.605,-128.158
3.100,-51.564,-7.130
4.357,-32.551,-31.260
3.972,-37.521,-49.266
1.405,-17.874,2.573
2.605,-29.206,-31.228
5.992,-56.382,-116.931
1.643,-48.461,-121.176
2.469,-37.282,-42.402
2.121,-33.970,-24.756
1.478,-39.031,-73.666
5.080,-59.229,-109.002
4.679,-59.042,-101.578
6.224,-72.701,-101.471
5.223,-70.730,-101.736
5.147,-67.653,-89.695
6.256,-70.704,-104.735
5.035,-47.679,-90.194
1.801,-48.655,-21.166
9.906,-43.569,-60.711
6.098,-35.062,-43.479
4.250,-29.939,-31.712
2.402,-26.349,-25.980
1.891,-25.911,-18.220
5.804,-35.213,-32.657
1.106,-31.061,-30.534
3.749,-41.176,-74.492
7.501,-111.583,-62.013
10.658,-45.262,-63.333
6.626,-40.307,-59.498
12.257,-100.198,-103.224
5.034,-97.888,-158.188
10.295,-78.216,-128.277
12.602,-126.081,-116.173
14.342,-68.566,-110.309
14.774,-112.245,-116.254
15.282,-72.205,-121.501
9.281,-61.548,-95.370
7.262,-37.127,-52.192
3.201,-29.463,-20.601
3.181,-19.950,-0.461
3.157,-15.965,8.078
3.247,-15.596,10.024
18.879,-29.621,-45.075
10.295,-106.971,-52.719
20.456,-21.792,-4.129
9.441,-16.799,10.975
22.635,-37.004,-41.595
13.797,-46.831,-67.898
19.648,-49.974,-79.206
25.072,-117.555,-87.922
24.617,-50.808,-77.945
26.620,-46.859,-66.527
10.275,-46.829,-109.143
12.588,-45.551,-86.236
20.949,-77.431,-62.246
24.857,-56.815,-58.790
26.762,-50.750,-48.202
22.741,-59.016,-66.480
24.980,-52.398,-74.000
27.495,-86.028,-83.913
38.750,-137.094,-93.829
39.855,-132.767,-101.075
41.067,-62.738,-111.888
13.791,-93.304,-86.487
44.496,-54.235,-110.005
10.541,-36.995,-66.184
4.986,-23.801,-11.487
5.388,-19.062,1.815
11.768,-33.148,-7.180
7.580,-22.755,-7.203
11.653,-65.898,12.598
48.424,-26.096,19.648
12.576,-14.315,4.791
30.815,8.121,18.716
32.690,-61.486,11.819
24.995,-13.817,3.284
18.663,-10.726,5.252
23.439,-13.338,3.159
25.465,-19.610,0.343
64.383,-27.404,-11.249
45.107,-28.966,-14.366
50.228,-37.604,-45.903
34.745,-31.419,-25.583
32.149,-35.636,-38.793
10.647,-28.568,-19.494
41.188,-51.091,-119.222
81.814,-86.874,-55.594
89.898,-25.580,-14.469
82.154,-39.512,-47.530
81.964,-57.928,-63.285
89.657,-40.998,-110.763
24.973,-19.177,-4.162
26.937,-14.004,10.431
42.210,-90.879,-20.668
110.431,-96.763,-42.051
113.444,-102.227,-71.303
114.675,-93.737,-29.835
117.003,-109.618,-96.872
103.435,-101.622,-65.634
97.165,-27.822,-21.780
37.218,-21.480,-7.746
104.025,-23.292,-26.931
78.207,-74.720,-39.191
79.748,-73.020,-38.785
132.534,-39.409,-59.669
120.273,-120.578,-155.237
143.671,-54.638,-109.184
141.484,-54.940,-75.323
152.720,-120.478,-64.155
136.709,-101.494,-136.384
136.742,-50.927,-132.274
134.301,-48.634,-95.539
156.730,-118.747,-83.618
162.306,-47.378,-51.820
159.340,-46.144,-53.529
88.545,-123.698,-163.837
157.485,-131.940,-135.906
172.983,-123.098,-85.837
143.850,-49.457,-112.200
20.956,-25.894,-17.683
84.116,-19.001,-3.781
185.716,-93.139,-18.132
159.508,-72.377,-41.255
189.877,-32.247,-72.450
183.946,-35.477,-68.651
113.758,-108.851,-116.826
144.017,-119.908,-166.237
168.646,-62.022,-158.978
59.033,-56.212,-153.907
76.544,-52.933,-148.222
123.258,-44.188,-134.281
203.164,-106.521,-108.681
218.716,-63.490,-63.874
161.598,-38.001,-62.373
68.823,-30.414,-38.200
63.233,-33.113,-82.032
95.168,-110.467,-158.317
130.383,-120.163,-112.023
122.367,-111.574,-90.320
224.724,-114.754,-137.700
159.423,-113.769,-237.003
217.179,-125.045,-222.984
153.166,-112.962,-119.173
245.868,-55.089,-102.362
128.803,-115.722,-125.181
197.262,-126.333,-190.810
177.851,-98.062,-120.961
47.530,-48.650,-63.776
215.194,-120.060,-98.184
237.943,-118.414,-74.808
111.488,-64.856,-80.554
157.813,-112.893,-152.224
33.889,-43.787,-103.415
100.130,-39.066,-41.467
226.657,-30.401,-53.217
207.165,-20.486,-37.544
32.920,-25.532,-22.253
122.009,-91.679,-32.512
184.570,-63.491,-31.580
231.981,-32.194,-45.718
178.812,-48.727,-121.460
41.104,-41.077,-97.834
99.043,-37.874,-67.290
27.969,-37.213,-81.390
42.268,-40.495,-75.242
110.311,-66.780,-88.286
221.599,-98.797,-67.925
234.578,-34.578,-38.945
134.222,-39.123,-44.493
211.360,-74.272,-64.917
124.309,-39.725,-93.920
198.778,-93.487,-93.163
291.861,-110.957,-112.176
286.201,-104.812,-110.594
157.347,-102.663,-126.714
296.599,-46.807,-141.263
263.102,-112.309,-92.528
278.033,-67.236,-98.557
198.394,-42.914,-122.700
298.451,-123.936,-167.993
299.996,-124.713,-148.527
296.441,-122.074,-128.264
266.708,-82.831,-208.340
138.810,-121.419,-222.320
214.921,-121.079,-209.044
255.525,-46.951,-163.271
205.727,-105.044,-146.908
252.649,-40.069,-207.000
301.070,-113.519,-239.326
303.510,-70.613,-157.302
245.815,-68.231,-116.293
296.303,-123.712,-181.799
291.766,-52.984,-154.738
298.963,-109.352,-102.374
296.417,-95.555,-60.981
295.533,-35.012,-105.252
299.968,-67.730,-164.901
286.139,-103.423,-120.537
293.109,-68.821,-107.854
264.546,-91.070,-94.010
273.917,-75.840,-58.537
266.400,-18.329,-77.220
246.010,-16.272,-58.871
166.280,-84.419,-48.533
269.230,-36.048,-100.905
63.930,-47.790,-133.838
40.840,-63.589,-64.346
214.662,-105.475,-83.182
178.553,-42.512,-63.648
211.328,-40.368,-89.751
156.730,-38.303,-73.080
38.261,-46.694,-75.444
30.981,-47.783,-83.635
122.300,-43.057,-73.882
278.535,-105.642,-90.895
284.850,-111.863,-138.750
284.090,-108.185,-152.101
107.290,-78.196,-67.371
261.044,-86.622,-83.153
266.708,-63.121,-108.243
122.972,-40.504,-103.809
142.732,-107.092,-143.256
175.224,-110.783,-139.702
90.744,-58.344,-168.589
196.176,-95.832,-232.928
212.562,-42.137,-165.754
93.049,-41.371,-56.395
135.983,-54.541,-105.863
121.261,-82.352,-93.466
199.323,-46.218,-106.875
75.184,-44.430,-119.905
135.233,-45.660,-136.183
124.944,-97.993,-76.193
162.522,-41.233,-91.109
184.915,-40.738,-118.132
92.683,-63.163,-90.681
23.717,-41.937,-49.183
32.203,-40.223,-46.624
203.902,-28.311,-68.321
117.493,-37.322,-43.236
57.754,-65.707,-39.271
156.362,-31.988,-96.640
155.857,-35.166,-77.595
33.640,-52.163,-119.973
41.336,-52.123,-131.834
42.443,-105.485,-143.052
150.617,-114.042,-157.363
180.721,-47.826,-167.995
67.024,-36.905,-56.492
78.128,-41.681,-54.932
86.051,-91.481,-55.692
214.497,-52.188,-99.924
72.179,-38.333,-55.022
162.703,-78.008,-73.441
200.308,-44.322,-83.472
174.074,-104.572,-90.336
187.445,-100.360,-102.969
187.466,-41.799,-97.816
162.450,-39.257,-67.166
133.305,-70.749,-84.808
37.567,-43.043,-51.627
162.169,-40.040,-72.986
175.951,-43.723,-74.631
104.365,-97.134,-66.995
174.461,-62.825,-42.619
177.606,-100.390,-81.926
176.632,-96.789,-70.739
120.339,-28.349,-39.038
154.932,-90.679,-39.097
168.525,-85.606,-38.937
86.434,-32.019,-33.649
100.947,-26.864,-37.186
10.104,-45.677,-24.704
30.746,-32.457,-51.814
87.435,-92.838,-253.699
75.721,-61.175,-155.364
145.664,-104.862,-74.333
133.128,-104.013,-60.400
31.954,-39.844,-50.383
73.955,-24.292,-10.740
21.441,-16.301,5.882
20.419,-15.834,2.067
50.221,-21.695,-16.956
29.268,-74.344,1.873
23.038,-14.178,2.951
97.338,-32.986,-86.297
49.260,-20.691,-36.336
46.085,-43.115,-34.067
37.492,-26.413,-30.838
56.558,-16.276,-8.351
27.824,-11.252,9.645
102.402,-72.642,-82.808
104.960,-83.188,-67.595
29.934,-20.477,-5.930
25.117,-91.612,-71.070
90.424,-100.157,-67.598
96.360,-107.911,-71.556
93.087,-96.946,-51.374
90.518,-85.587,-47.082
87.783,-41.895,-48.802
85.214,-39.189,-48.253
69.699,-71.358,-20.859
53.208,-19.603,-7.739
27.496,-74.372,4.145
77.776,-44.858,-56.300
41.189,-40.664,-51.889
65.291,-43.305,-46.531
7.921,-43.854,-109.210
36.170,-82.248,-151.650
67.387,-53.820,-53.173
60.199,-111.617,-50.024
50.010,-45.176,-40.120
9.607,-29.020,-34.922
59.590,-28.947,-51.752
5.605,-14.717,8.097
10.529,-3.331,6.120
12.929,-31.323,-41.520
24.582,-113.642,-152.885
44.649,-109.535,-128.613
27.803,-40.425,-53.108
14.013,-30.582,-34.637
42.967,-50.560,-90.005
26.931,-43.734,-51.508
36.267,-48.111,-55.046
5.251,-26.022,-9.256
14.253,-70.240,-17.550
3.093,-16.897,5.579
9.682,-7.913,13.559
13.494,-77.886,6.908
28.903,-11.587,14.383
16.128,0.255,17.881
3.621,-10.888,22.471
30.309,-31.976,-54.070
28.600,-80.901,-24.622
3.950,-9.634,19.924
10.181,-5.303,9.297
25.798,-22.031,-8.216
14.922,-20.909,-5.760
4.874,-54.567,-4.642
23.867,-84.544,-10.035
9.639,-86.089,-12.796
22.289,-36.762,-32.978
21.421,-36.377,-41.603
8.571,-11.889,14.179
19.522,-78.182,-8.753
4.870,-19.723,0.753
3.166,-8.409,8.108
8.309,7.891,36.009
10.343,-63.434,38.376
16.520,-28.983,-22.794
4.032,-20.166,0.864
7.374,-13.735,11.291
15.077,-80.011,3.236
6.620,-41.118,-3.064
8.899,-84.685,-11.664
11.597,-80.517,3.638
12.860,-24.082,-12.772
6.333,-14.213,6.236
11.533,-76.127,11.047
4.994,-53.335,-1.799
3.068,-82.723,-2.279
11.402,-97.688,-54.827
11.070,-98.560,-70.643
10.784,-34.297,-66.564
10.139,-41.138,-78.026
4.423,-37.977,-67.562
1.363,-31.238,-20.257
3.811,-34.033,-29.733
4.196,-33.948,-37.334
3.208,-28.997,-19.498
1.274,-19.097,1.260
4.395,-31.131,-32.040
5.927,-103.670,-49.634
9.420,-74.814,-55.125
7.579,-59.871,-69.388
9.712,-65.548,-125.203
5.040,-76.749,-75.668
9.222,-8.020,19.138
2.276,-26.669,4.660
0.803,-35.799,26.657
7.399,-12.314,10.824
1.170,-12.606,15.062
0.828,-40.354,3.051
5.556,-23.411,-7.645
5.935,-23.700,-3.327
1.403,-4.451,38.679
4.470,8.075,111.300
10.330,-84.875,-18.344
3.316,-39.797,-37.478
8.396,-26.404,11.376
3.056,-46.300,-14.612
1.035,-11.905,18.330
1.219,-16.399,33.318
12.158,-32.543,-66.869
11.958,-110.800,-109.011
5.300,-43.845,-77.573
2.114,-62.957,-3.144
0.536,-21.645,-6.985
0.249,-19.723,0.672
1.020,-36.177,-18.615
1.225,-36.612,-34.627
1.929,-46.631,-53.074
0.466,-119.264,-124.975
1.613,-54.239,-114.401
0.777,-115.040,-131.858
2.313,-57.218,-115.993
1.157,-42.945,-125.244
1.095,-41.358,-62.106
1.400,-38.478,-46.594
0.828,-46.153,-124.618
2.691,-120.974,-143.916
2.670,-126.655,-75.416
2.559,-124.378,-85.818
2.584,-117.783,-56.091
3.093,-77.061,-79.700
3.120,-45.095,-71.822
11.053,-34.535,-65.211
2.710,-25.768,-13.471
25.482,-37.547,-36.082
30.081,-105.442,-75.186
31.187,-73.063,-88.211
12.133,-34.665,-36.148
20.409,-30.582,-20.321
6.981,-31.514,-20.435
8.880,-51.160,-117.615
17.936,-69.907,-237.249
19.940,-65.955,-180.299
19.684,-94.728,-213.548
26.238,-80.335,-126.236
32.161,-104.730,-91.602
37.122,-64.248,-105.672
27.490,-99.824,-134.627
15.806,-28.183,-22.092
51.110,-47.520,-76.251
9.363,-24.736,-15.234
4.929,-90.027,-20.437
24.973,-30.309,-26.591
38.007,-4.149,30.057
18.388,-10.212,21.463
17.694,-18.025,4.337
7.227,-53.246,-29.110
67.095,-53.585,-88.689
21.334,-44.147,-101.109
19.608,-39.045,-73.345
60.790,-72.115,-100.585
59.916,-37.436,-58.907
28.710,-98.628,-47.099
71.226,-31.132,-38.269
9.511,-29.945,-32.224
9.827,-15.940,6.074
68.773,-19.503,-10.005
55.838,-21.633,-20.146
14.363,-25.823,-27.769
69.835,-53.292,-36.774
81.484,-93.413,-41.626
77.318,-35.384,-47.865
26.164,-63.761,-43.601
16.754,-68.422,-27.436
42.013,-26.298,-35.448
58.512,-81.943,-35.355
110.327,-106.797,-84.562
113.719,-110.500,-91.690
118.150,-49.246,-62.377
53.117,-43.119,-69.229
65.426,-32.101,-38.885
15.715,-28.940,-33.537
82.106,-20.751,-5.090
25.177,-4.643,11.673
45.311,-4.757,8.669
77.486,-73.872,14.942
128.282,-88.737,-15.236
132.557,-95.237,-14.922
132.906,-47.227,-19.755
141.405,-80.573,-13.994
150.159,-95.454,-20.268
151.369,-92.447,-16.852
154.131,-19.820,-7.481
119.492,-24.393,-20.307
34.969,-86.554,-54.032
165.667,-95.346,-72.346
111.826,-89.481,-119.848
65.190,-66.322,-76.728
120.323,-33.917,-77.076
68.642,-46.436,8.525
123.994,-24.117,-54.894
166.671,-51.914,-140.550
110.869,-43.637,-93.900
183.569,-43.741,-91.937
53.823,-25.217,-43.516
32.201,-17.760,-14.351
40.433,-27.977,-36.431
63.734,-62.510,-46.123
198.912,-90.614,-103.371
203.212,-81.523,-88.430
176.939,-118.732,-108.349
175.718,-97.498,-106.575
128.188,-106.556,-96.031
216.412,-112.351,-102.143
199.576,-41.529,-66.034
207.899,-26.518,-82.192
168.296,-26.626,-78.472
72.601,-43.952,-58.278
70.145,-33.211,-84.368
138.380,-38.513,-103.941
169.535,-107.316,-94.522
109.843,-53.811,-126.268
108.308,-118.545,-179.506
231.145,-123.488,-217.229
215.538,-48.005,-109.689
202.368,-45.143,-59.580
114.002,-48.968,-192.838
23.761,-57.620,-195.693
40.763,-52.616,-112.888
58.051,-56.891,-150.524
153.180,-84.820,-134.262
166.586,-49.018,-80.099
134.714,-50.631,-75.397
179.206,-114.052,-81.371
213.999,-56.244,-98.593
69.218,-56.624,-95.732
67.227,-49.742,-71.981
14.020,-51.134,-89.287
43.657,-32.460,-39.098
39.384,-39.425,-50.001
94.052,-42.761,-66.386
47.862,-45.278,-66.803
32.691,-35.298,-34.576
80.543,-99.492,-58.631
249.318,-41.201,-74.251
121.689,-83.243,-66.419
94.001,-77.245,-81.160
125.007,-41.842,-106.349
203.377,-29.487,-69.602
267.975,-40.714,-117.824
22.802,-43.718,-66.644
104.686,-37.123,-43.657
209.597,-47.901,-56.548
241.604,-30.349,-88.077
170.448,-76.827,-89.782
140.091,-89.176,-55.853
236.747,-37.796,-107.682
203.561,-112.638,-86.531
282.523,-54.873,-117.045
79.588,-55.644,-122.318
124.054,-122.872,-165.260
213.704,-127.029,-122.913
276.622,-59.686,-133.717
286.033,-120.631,-112.717
266.164,-113.536,-123.986
111.484,-60.377,-130.381
55.699,-59.308,-132.102
151.749,-42.909,-77.611
205.119,-47.476,-77.697
252.117,-68.808,-71.233
194.693,-43.765,-99.091
81.899,-50.293,-120.158
126.751,-109.087,-123.714
180.292,-62.998,-240.391
203.501,-99.813,-97.576
249.559,-100.466,-78.089
255.761,-40.336,-210.204
133.660,-36.953,-112.618
63.356,-36.099,-92.839
42.331,-26.512,-35.587
54.656,-28.476,-55.938
122.480,-33.934,-105.863
79.657,-37.586,-90.667
21.410,-38.827,-77.386
27.717,-31.002,-27.434
91.672,-29.684,-44.041
36.421,-22.213,-13.411
49.289,-21.062,-7.168
30.840,-24.596,-14.511
79.392,-81.193,-23.315
272.281,-97.868,-104.200
219.696,-87.428,-158.573
238.994,-89.870,-57.054
215.460,-56.986,-64.049
230.496,-54.307,-109.109
253.130,-92.932,-94.357
258.766,-86.273,-67.681
254.194,-37.017,-119.520
267.369,-56.790,-217.715
250.925,-123.772,-173.460
188.607,-77.463,-125.131
247.543,-54.823,-157.646
198.216,-82.684,-170.692
54.380,-53.003,-249.954
149.853,-102.072,-119.271
272.791,-39.066,-85.384
46.754,-45.302,-84.692
101.200,-95.076,-63.758
131.694,-33.993,-79.032
35.292,-39.456,-60.680
192.062,-43.439,-198.159
60.391,-42.103,-146.256
132.000,-102.664,-159.264
163.629,-39.942,-116.643
92.462,-80.737,-69.342
244.509,-43.051,-161.394
117.096,-35.003,-72.999
168.420,-39.617,-146.111
60.804,-69.315,-87.972
243.761,-60.764,-155.222
25.392,-29.450,-46.719
114.637,-96.754,-156.676
195.258,-68.131,-148.188
135.626,-29.525,-55.645
196.954,-37.387,-71.798
74.529,-42.833,-77.095
38.175,-45.074,-70.805
195.449,-112.574,-124.381
220.267,-108.684,-132.114
137.111,-33.475,-76.093
129.297,-38.287,-55.420
95.774,-39.901,-140.370
102.140,-99.481,-107.811
74.727,-98.637,-68.932
188.778,-40.873,-72.155
46.541,-37.291,-74.369
26.764,-42.054,-112.397
57.115,-83.955,-79.123
80.279,-37.231,-80.655
143.965,-34.443,-48.019
44.571,-40.857,-46.139
79.627,-37.610,-69.484
108.847,-38.751,-60.349
22.805,-38.969,-56.789
80.603,-60.540,-27.888
134.790,-67.121,-51.322
109.241,-48.983,-56.763
71.514,-37.822,-54.675
90.514,-37.172,-69.842
113.397,-94.162,-61.922
161.428,-41.895,-68.580
90.683,-73.708,-75.218
123.427,-45.019,-84.968
154.729,-52.657,-80.755
143.815,-72.399,-90.805
139.901,-105.493,-110.549
53.741,-48.728,-98.889
117.235,-44.240,-119.112
135.368,-106.099,-114.713
106.071,-39.002,-79.739
16.975,-36.884,-62.661
33.591,-14.755,1.859
10.483,-20.228,-4.058
17.301,-35.872,-54.093
30.983,-43.248,-73.250
24.916,-17.181,-0.743
51.038,-21.310,-15.823
37.724,-24.953,-25.946
29.338,-88.292,-25.274
82.929,-78.090,-62.213
75.903,-37.333,-98.912
14.040,-30.443,-34.570
86.652,-41.537,-50.574
53.653,-35.197,-83.364
6.828,-42.863,-127.571
18.089,-39.343,-65.959
38.865,-37.074,-25.155
24.116,-35.888,-38.037
71.562,-41.805,-75.507
67.080,-37.924,-36.487
9.194,-24.687,-22.520
23.088,-18.061,-4.682
9.904,-19.483,-0.021
10.865,-25.403,-13.501
74.040,-76.398,-50.824
18.857,-39.465,-46.954
38.211,-46.432,-90.295
25.753,-44.068,-62.935
29.548,-39.412,-54.499
27.176,-38.563,-64.417
5.341,-11.855,13.090
15.405,-16.424,2.132
20.917,-26.153,-18.118
3.923,-29.500,-18.780
44.901,-47.296,-74.133
38.623,-53.014,-65.951
4.323,-18.593,1.619
3.345,-39.895,11.294
11.934,-17.222,1.058
21.957,-22.454,-20.636
20.379,-19.034,-5.012
18.378,-26.452,-17.523
19.704,-28.253,-24.854
16.660,-32.483,-28.665
13.538,-34.605,-18.554
12.010,-34.450,-21.923
20.718,-28.357,-24.097
5.492,-10.152,10.230
9.037,-42.721,7.441
6.757,-8.536,7.760
20.663,-7.972,8.552
4.388,-27.789,-22.263
23.424,-45.713,-34.600
24.620,-42.436,-52.817
12.264,-12.204,14.522
8.383,-1.848,18.910
21.880,0.426,15.933
5.765,-3.624,8.861
11.077,-13.579,4.228
6.324,-21.607,-2.472
13.155,-18.886,-0.664
4.277,-29.557,-32.654
4.374,-35.982,-35.008
6.746,-36.933,-31.639
2.232,-27.154,-16.210
2.161,-21.261,-2.554
1.637,-30.634,-44.272
3.437,-31.344,-43.788
1.129,-19.419,2.553
1.683,-57.656,11.040
2.544,-5.209,9.483
1.420,9.713,22.386
2.099,-1.592,10.275
3.425,-29.103,3.313
2.740,-18.066,1.950
1.074,-20.504,-0.639
7.540,-35.744,-39.056
10.398,-47.820,-94.691
6.370,-51.401,-137.732
3.207,-78.846,-174.159
2.465,-94.971,-85.974
11.252,-44.843,-55.267
8.161,-34.692,-35.184
4.517,-78.252,5.065
8.890,-25.463,-10.467
2.636,-20.339,-1.666
0.951,-13.597,2.931
1.620,-24.858,-7.633
4.814,-28.958,-12.780
1.426,-29.995,-37.514
3.777,-105.430,-131.679
9.743,-101.751,-115.482
5.579,-129.517,-123.257
6.113,-67.787,-103.989
6.423,-67.498,-132.426
6.463,-66.742,-147.070
5.561,-66.975,-135.314
8.801,-74.963,-112.477
4.052,-68.668,-142.352
7.628,-70.903,-99.520
2.654,-112.655,-92.937
9.492,-93.184,-41.050
8.021,-51.483,-63.325
4.460,-67.539,-64.393
5.017,-38.997,-63.355
4.195,-41.435,-66.035
4.353,-39.448,-48.084
7.097,-57.032,-73.925
6.050,-54.805,-66.081
7.665,-117.418,-81.873
9.506,-118.457,-110.380
7.260,-57.134,-96.227
5.075,-34.946,-39.093
4.640,-100.513,-46.504
8.016,-56.362,-76.611
5.412,-34.440,-44.614
1.731,-24.756,-11.984
9.673,-89.051,-24.193
14.052,-104.675,-93.980
14.530,-81.417,-121.845
3.577,-39.418,-55.264
0.238,-21.599,-3.293
0.553,-22.679,-2.228
0.822,-25.024,-16.329
0.263,-18.754,3.051
2.075,-18.411,5.123
1.554,-7.436,33.541
0.809,-39.779,14.747
8.713,-104.335,-106.712
2.135,-48.421,-70.606
0.399,-114.708,-134.809
1.632,-61.162,-99.484
0.865,-40.277,-67.050
1.520,-115.165,-97.735
2.266,-49.945,-90.877
2.021,-32.014,-29.045
0.552,-39.053,-85.040
1.598,-63.049,-194.059
1.970,-119.619,-113.937
2.350,-74.573,-102.547
2.037,-64.640,-86.156
1.884,-68.235,-125.767
2.913,-125.699,-103.925
3.576,-41.999,-81.190
2.309,-26.578,-27.457
0.592,-19.262,2.548
1.093,-18.939,2.441
0.679,-25.964,0.342
0.507,-22.144,-4.653
1.685,-33.463,-29.972
3.159,-53.620,-14.110
2.351,-33.762,-25.554
2.622,-55.749,-80.912
5.850,-106.441,-90.435
5.403,-41.234,-73.817
1.160,-19.401,1.779
4.139,-50.250,-42.794
6.753,-49.424,-73.065
6.549,-111.084,-93.127
1.337,-41.689,-51.369
3.582,-39.785,-31.201
5.932,-49.059,-58.044
7.831,-44.289,-56.947
5.391,-37.933,-40.790
4.936,-112.393,-75.453
8.244,-104.668,-68.723
6.837,-62.117,-94.397
5.339,-59.786,-117.832
8.522,-126.438,-127.602
6.683,-60.152,-103.855
6.520,-32.014,-44.115
1.398,-76.096,-5.401
6.088,-25.291,-13.363
9.892,-21.193,-4.183
5.942,-17.364,6.476
7.752,-18.527,1.494
3.185,-19.060,2.481
4.633,-25.314,-3.453
10.167,-33.079,-23.734
3.201,-28.208,-15.176
4.285,-30.426,-12.111
6.868,-30.022,-15.601
5.469,-38.272,-42.000
4.898,-46.748,-101.726
7.700,-117.209,-125.352
14.155,-44.019,-75.924
11.968,-91.277,-18.866
14.398,-87.885,-9.066
14.444,-20.282,-0.511
13.889,-90.232,-9.430
14.988,-82.737,-3.515
15.845,-83.904,-2.480
16.343,-79.212,2.015
16.389,-70.297,6.629
15.752,2.323,10.201
4.699,14.391,12.751
14.549,21.362,32.299
15.521,1.415,14.699
67.083,-36.738,-8.616
14.016,-15.307,-0.068
18.009,-57.276,21.135
18.275,-51.528,18.587
18.704,-45.632,13.702
19.201,-44.261,20.510
168.865,-73.668,-2.198
181.380,-121.341,-138.907
159.401,-45.179,-108.285
151.105,-108.739,-50.310
185.228,-111.520,-88.247
189.511,-99.219,-52.875
196.299,-100.926,-67.698
188.452,-104.624,-63.259
194.928,-99.943,-43.793
200.198,-69.320,-77.693
170.780,-97.870,-70.694
133.172,-36.586,-85.763
63.706,-36.851,-71.182
121.075,-82.801,-39.400
73.335,-111.993,-75.751
68.413,-45.805,-65.456
134.023,-107.088,-50.416
179.422,-37.531,-84.195
24.577,-37.696,-56.694
47.859,-37.673,-30.905
79.229,-36.748,-61.955
77.895,-68.677,-99.256
30.354,-37.950,-71.765
113.847,-33.056,-33.970
171.998,-77.358,-19.055
194.747,-30.656,-24.676
151.513,-106.040,-118.186
231.267,-132.682,-263.543
237.696,-57.900,-149.062
158.136,-50.269,-127.929
253.666,-51.069,-112.919
69.015,-40.469,-77.348
138.582,-90.734,-61.366
64.134,-36.859,-46.017
170.569,-35.468,-81.197
162.993,-30.049,-44.821
119.297,-87.068,-118.749
126.258,-100.833,-98.114
216.351,-98.061,-101.849
113.298,-50.748,-30.025
182.494,-47.182,6.357
173.450,-52.196,3.905
144.083,-9.368,-5.041
218.731,-35.423,-79.063
242.281,-109.226,-131.954
253.014,-45.324,-183.878
136.028,-41.132,-133.665
89.514,-55.563,-158.373
134.703,-47.507,-183.090
34.725,-51.038,-156.353
71.566,-102.974,-64.158
276.739,-35.403,-58.917
144.432,-34.155,-55.878
182.440,-34.367,-91.215
292.641,-115.576,-143.620
245.136,-111.656,-78.193
295.172,-118.854,-131.027
232.128,-114.144,-106.497
282.198,-98.442,-75.919
272.796,-34.830,-72.986
266.154,-103.793,-138.109
293.576,-99.822,-71.181
279.456,-83.065,-59.203
277.603,-83.550,-93.445
293.668,-95.908,-102.365
257.541,-100.509,-129.742
215.424,-97.606,-130.331
285.141,-90.108,-53.561
300.187,-100.829,-110.742
296.305,-85.824,-77.439
266.169,-92.161,-102.851
285.804,-93.775,-123.581
276.962,-91.670,-98.803
297.521,-88.326,-72.573
237.475,-30.994,-84.960
285.917,-33.320,-107.366
292.762,-67.015,-152.871
167.902,-129.024,-300.110
288.564,-111.600,-147.789
230.141,-45.453,-105.067
140.618,-44.714,-99.242
248.802,-51.664,-113.973
157.493,-57.022,-64.986
291.132,-47.217,-165.463
116.717,-111.344,-86.303
254.877,-117.332,-118.894
287.720,-94.551,-180.841
146.250,-109.970,-137.345
245.238,-52.119,-130.408
37.020,-57.798,-150.133
158.643,-102.432,-96.323
291.751,-104.002,-102.828
215.094,-34.142,-97.440
159.210,-42.301,-100.736
95.792,-106.851,-125.805
190.530,-98.772,-84.251
247.482,-106.675,-127.877
187.295,-85.378,-80.062
186.435,-28.635,-78.624
81.829,-97.135,-107.892
244.410,-61.780,-137.898
167.642,-27.839,-76.436
230.942,-70.413,-70.233
233.684,-22.561,-121.972
93.660,-33.750,-79.844
253.397,-114.943,-210.466
245.448,-53.666,-174.049
126.599,-51.292,-70.452
245.426,-43.603,-99.808
174.027,-41.056,-87.990
133.036,-41.635,-116.945
142.808,-38.084,-66.985
190.172,-41.312,-88.178
96.318,-43.539,-111.888
247.500,-44.508,-247.008
172.841,-79.266,-196.386
164.198,-41.714,-176.350
222.053,-38.623,-188.255
136.913,-96.598,-80.338
129.712,-33.990,-63.247
50.615,-44.971,-73.203
150.038,-101.242,-158.813
221.234,-106.647,-126.913
73.268,-74.304,-89.841
180.925,-93.325,-97.880
124.042,-33.140,-80.026
76.125,-87.656,-29.744
133.699,-28.245,-35.866
20.520,-37.628,-61.163
77.701,-40.306,-103.492
123.251,-36.657,-68.683
63.563,-37.577,-60.344
107.112,-39.351,-99.537
63.155,-33.838,-89.581
197.287,-100.409,-101.133
211.918,-106.687,-91.136
180.577,-106.024,-56.641
172.908,-32.722,-89.708
73.678,-29.767,-65.904
45.539,-33.038,-66.429
23.349,-42.906,-80.050
90.754,-111.409,-113.687
191.999,-44.742,-97.950
135.905,-98.551,-67.386
177.483,-40.571,-87.003
92.143,-31.595,-39.935
26.547,-31.184,-30.357
33.404,-30.468,-52.573
34.880,-35.820,-98.465
28.983,-49.165,-43.778
58.050,-31.919,-30.656
86.639,-20.604,-27.153
36.634,-87.181,-44.885
135.464,-35.623,-78.999
71.460,-42.367,0.233
58.895,-60.490,-13.235
92.783,-89.172,-65.007
154.415,-116.733,-80.544
143.506,-97.190,-69.235
143.923,-76.706,-35.335
137.570,-54.416,-14.651
75.012,-12.135,1.458
103.624,-68.179,-4.394
89.229,-22.699,-13.920
97.357,-90.624,-51.726
35.684,-92.520,-55.289
77.317,-78.599,-39.802
76.607,-17.561,-20.161
108.284,-55.857,-27.396
101.275,-48.986,-25.984
27.623,-22.501,-4.461
58.754,-10.538,6.093
39.025,-32.387,-56.522
29.579,-38.677,-52.044
97.970,-106.353,-63.228
60.177,-42.284,-39.610
38.350,-32.194,-43.769
66.325,-86.261,-56.432
94.597,-24.371,-66.168
5.945,-19.113,-1.144
46.060,-104.321,-89.388
85.930,-94.233,-38.046
19.440,-50.033,-13.753
32.507,-12.945,2.220
17.313,-17.571,-0.138
32.523,-16.837,-0.532
12.506,-18.677,-1.892
37.626,-22.731,-9.538
14.762,-19.944,-3.122
42.352,-23.249,-1.766
37.769,-1.367,17.494
36.987,-14.753,-0.654
65.517,-86.073,-25.421
64.839,-91.712,-50.519
40.539,-40.047,-47.850
15.226,-58.205,-20.843
10.565,-84.945,-15.695
53.951,-63.093,-39.703
32.994,-61.849,-3.027
51.672,-74.527,-0.500
11.262,-85.109,-10.922
49.696,-43.023,-57.412
47.020,-35.032,-37.396
6.956,-17.428,2.894
4.470,-21.513,31.920
7.006,8.192,26.947
34.558,-68.139,-0.039
6.567,-37.844,12.306
12.281,-42.608,-20.135
27.410,-27.963,-28.499
4.360,-26.316,-14.012
9.464,-31.152,-26.401
17.466,-30.168,-20.303
4.754,-19.382,-0.003
10.768,-6.657,6.793
7.288,-12.745,15.978
18.311,-39.393,-7.137
7.113,0.004,34.796
15.541,-20.545,-25.177
25.805,-107.194,-120.584
7.484,-80.896,1.812
23.799,-65.728,12.402
20.154,-6.280,9.724
5.869,-5.964,25.070
5.596,-3.582,14.358
18.911,-16.655,1.036
5.898,-74.099,18.976
19.579,-29.772,-53.249
3.682,-12.905,12.993
17.964,-91.668,-55.676
15.786,-38.671,-73.208
14.675,-108.642,-44.616
9.195,-48.860,-59.917
5.447,-65.249,-48.035
7.302,-16.985,2.408
2.981,-17.001,2.205
5.118,-33.082,-65.370
4.025,-19.917,-3.530
1.578,-3.644,35.872
1.110,5.333,26.364
8.984,-10.139,13.789
4.865,-21.239,-5.469
2.960,-79.602,4.661
11.631,-94.346,-33.363
8.533,-39.785,-40.737
6.474,-38.296,-31.643
10.992,-49.883,-133.093
9.502,-108.206,-80.786
5.316,-46.748,-73.809
6.684,-43.703,-53.460
6.099,-36.975,-27.944
1.382,-25.435,-6.443
5.415,-34.589,-31.195
4.716,-107.651,-58.745
6.112,-79.702,-81.988
4.238,-25.782,-19.732
6.419,-51.910,6.257
5.819,-74.458,5.793
9.558,-10.557,16.711
9.069,3.507,24.793
5.882,-5.616,22.499
2.964,-3.036,20.408
1.051,3.918,22.632
2.688,0.126,17.124
2.137,3.972,26.369
1.119,-4.178,24.669
8.698,-16.217,2.174
1.413,-10.479,6.233
4.736,-17.343,1.165
4.553,-13.827,9.591
1.815,-11.097,5.910
2.425,-13.598,6.157
1.364,-23.018,-5.500
3.192,-30.078,-19.333
6.561,-35.866,-20.426
6.256,-34.440,-28.280
1.812,-20.277,-3.117
3.127,-8.316,17.771
1.469,-8.980,7.588
3.582,-12.322,9.037
13.283,-21.466,-5.752
1.829,-8.935,21.823
3.046,-11.743,16.374
2.678,-13.175,10.337
3.544,-10.655,24.878
9.133,-57.356,15.505
14.147,-28.092,-13.424
10.889,-102.633,-29.931
15.265,-34.771,-47.307
4.023,-8.595,27.253
19.897,-87.818,-16.739
20.817,-27.973,-38.617
20.872,-80.920,2.130
18.004,-19.545,-23.015
6.403,-17.156,-4.156
14.396,-14.076,3.427
6.436,-14.053,10.195
25.291,-73.627,8.100
17.319,-13.501,3.662
21.631,-37.493,2.950
6.498,-60.862,17.474
8.690,-10.925,12.876
15.964,-15.154,5.535
8.073,-18.482,0.816
4.846,-3.500,40.614
30.345,-9.292,20.663
5.094,-17.899,2.694
29.931,-91.023,-33.987
38.261,-44.331,-17.204
12.486,-72.147,9.001
41.540,-98.130,-18.399
31.441,-32.231,-21.073
25.157,-25.914,-14.483
22.878,-40.948,-61.946
8.440,-40.639,-76.170
1.742,-44.632,-73.705
2.309,-37.793,-57.344
2.980,-38.219,-54.911
3.153,-37.073,-31.535
2.640,-91.285,-24.173
4.874,-37.601,-40.492
4.058,-91.206,-14.736
6.904,-91.832,-20.210
7.701,-97.670,-24.762
4.525,-28.773,-20.105
5.133,-82.613,-0.154
8.238,-85.325,-11.421
8.613,-22.456,-14.785
1.301,-19.815,0.771
1.513,-37.529,-81.505
3.233,-48.786,-126.864
10.067,-108.622,-87.997
8.083,-109.044,-60.760
9.269,-77.998,-70.633
10.853,-112.776,-72.708
10.543,-64.084,-71.423
4.280,-25.604,-10.235
1.788,-21.969,-11.466
4.634,1.222,19.097
2.965,-6.109,33.385
10.047,-9.151,9.370
1.678,-51.670,27.007
11.759,-33.117,18.122
3.166,-6.251,22.371
42.134,-18.410,28.029
48.056,-73.145,18.901
48.009,-43.913,1.592
42.306,-95.921,-25.094
12.905,-46.596,-8.007
11.137,-12.664,8.913
60.417,-72.747,5.975
53.565,-61.955,10.951
24.657,-8.215,14.150
32.310,-48.528,29.645
29.407,-52.870,39.715
56.435,-1.725,23.701
5.745,-18.199,2.754
8.315,-10.726,6.515
15.898,-87.948,-14.785
143.306,-105.412,-83.137
121.148,-61.966,-154.614
78.189,-57.733,-129.147
128.144,-71.040,-103.666
110.076,-95.925,-95.735
149.367,-119.109,-68.159
153.805,-110.049,-49.562
97.279,-111.406,-70.404
158.748,-120.572,-78.047
154.737,-51.500,-114.961
24.458,-28.451,-40.852
117.752,-27.460,-44.151
54.690,-87.751,-41.774
188.105,-100.336,-85.775
196.209,-99.007,-49.787
194.586,-94.647,-20.911
181.383,-29.228,-36.030
147.358,-92.889,-31.145
204.285,-97.616,-42.799
209.351,-84.215,-54.567
174.681,-95.879,-82.289
220.368,-49.612,-132.702
187.559,-112.870,-72.142
193.925,-94.095,-35.261
207.905,-20.886,-31.513
157.277,-38.716,-8.279
160.918,-19.447,-8.428
66.683,-33.319,-34.508
20.205,-101.483,-61.229
154.967,-45.845,-114.220
82.073,-113.682,-108.990
237.181,-121.699,-116.687
244.994,-115.381,-72.786
246.449,-101.272,-69.738
221.679,-92.345,-52.001
180.911,-30.034,-58.391
246.616,-81.927,-42.735
134.705,-73.578,-6.785
243.918,-74.343,-27.223
157.959,-30.017,-69.700
186.575,-76.363,-20.146
186.260,-6.974,-5.043
244.157,-62.676,-28.376
236.582,-93.521,-80.349
233.400,-46.813,-137.462
30.994,-42.851,-63.560
254.356,-93.014,-98.465
231.846,-40.291,-95.712
231.248,-47.816,-84.723
106.979,-44.840,-74.086
134.509,-43.161,-75.693
243.477,-56.049,-199.630
259.338,-124.258,-129.845
282.638,-122.499,-136.402
275.886,-113.976,-139.970
151.141,-111.982,-80.954
155.935,-53.666,-131.791
230.042,-38.806,-149.777
81.885,-33.134,-70.004
143.503,-115.563,-248.377
297.637,-124.744,-206.530
126.562,-40.579,-66.994
168.401,-18.798,-43.665
167.807,-35.437,-115.267
190.354,-39.074,-104.529
209.922,-44.523,-168.424
212.203,-46.725,-161.184
124.797,-100.242,-148.640
226.584,-43.879,-174.160
140.054,-93.461,-137.866
250.263,-102.975,-171.665
142.279,-106.571,-137.851
98.269,-44.591,-118.210
162.892,-43.155,-162.355
134.078,-99.271,-58.379
294.755,-45.827,-186.198
29.904,-59.864,-92.100
286.350,-45.277,-154.348
282.856,-111.483,-202.237
133.132,-101.415,-148.157
305.172,-111.102,-153.165
158.561,-40.414,-98.852
141.680,-30.471,-44.725
70.311,-90.075,-50.828
149.139,-98.409,-108.708
146.931,-63.593,-153.679
101.529,-43.729,-173.927
29.708,-43.568,-140.192
145.133,-98.388,-57.432
293.233,-96.789,-89.479
228.323,-57.873,-79.668
281.665,-39.257,-113.053
197.331,-126.556,-237.360
254.649,-88.500,-225.034
255.602,-130.174,-137.009
161.465,-112.062,-140.756
112.103,-52.391,-118.970
22.769,-47.221,-98.614
29.415,-39.347,-81.416
45.084,-42.916,-83.612
31.993,-41.751,-62.276
40.188,-41.115,-55.668
117.826,-45.281,-62.587
118.456,-42.960,-82.958
42.616,-52.347,-140.421
26.696,-54.426,-158.046
263.009,-49.512,-110.220
231.610,-46.335,-99.110
204.315,-50.994,-95.519
160.165,-47.403,-126.612
140.422,-93.699,-123.107
171.240,-70.396,-196.347
181.127,-48.670,-165.617
201.953,-92.383,-138.384
231.190,-113.567,-150.351
264.530,-96.040,-165.269
203.061,-109.711,-134.465
60.675,-48.352,-80.845
179.494,-70.997,-75.315
185.740,-37.625,-112.606
108.357,-66.235,-63.781
108.182,-43.674,-129.205
33.943,-37.309,-58.101
99.539,-95.686,-119.082
140.530,-99.711,-85.622
246.863,-109.010,-135.536
193.378,-44.135,-93.571
76.765,-41.996,-55.624
205.502,-45.969,-147.097
46.823,-44.164,-107.947
41.283,-80.814,-118.143
125.510,-83.980,-156.242
146.494,-43.309,-182.748
183.160,-107.168,-160.352
225.634,-111.119,-179.061
226.364,-90.713,-118.880
186.233,-51.300,-103.491
164.065,-47.766,-138.308
47.338,-51.029,-226.531
123.870,-47.623,-105.612
133.442,-45.555,-87.911
78.927,-105.816,-70.513
156.760,-51.917,-92.798
81.986,-99.064,-65.088
95.178,-51.204,-65.500
116.044,-108.323,-100.125
125.348,-109.804,-116.826
185.753,-47.720,-87.837
75.132,-101.466,-104.408
131.724,-32.893,-86.973
47.752,-23.348,-39.273
45.466,-34.730,-36.131
80.018,-64.218,-52.791
117.463,-91.237,-90.289
162.241,-82.568,-130.051
146.995,-28.977,-61.033
120.385,-58.638,-12.511
74.064,-40.536,13.623
165.234,-96.379,-62.949
133.240,-75.139,-43.522
151.050,-89.637,-42.076
154.966,-95.645,-50.715
153.362,-107.626,-61.873
147.279,-47.285,-70.823
81.463,-28.694,-50.235
44.360,-45.608,-32.347
80.499,-68.934,-65.491
90.145,-78.821,-43.510
44.082,-87.078,-30.750
137.007,-83.893,-106.067
52.469,-30.587,-70.150
35.578,-28.180,-27.957
10.213,-25.123,-28.788
31.588,-101.877,-80.778
123.144,-96.076,-63.602
86.557,-61.589,-29.335
109.065,-36.500,-9.559
66.119,-50.329,-31.399
87.176,-32.916,-35.255
27.010,-17.702,-0.250
57.825,-81.601,-27.757
62.184,-63.013,-71.548
30.470,-25.246,-17.936
23.826,-27.756,-18.874
20.518,-28.662,-36.667
60.950,-77.890,-48.782
41.293,-29.919,-14.733
38.465,-28.681,-17.960
74.875,-26.664,-42.054
54.945,-23.745,-13.464
37.151,-32.362,-14.412
7.925,-75.909,-27.369
22.610,-91.730,-62.518
16.746,-36.346,-34.495
66.549,-49.311,-26.490
21.063,-35.444,-34.624
23.226,-38.127,-70.239
10.798,-38.140,-44.384
12.145,-90.379,-38.907
41.586,-14.993,5.716
17.204,5.934,21.280
24.027,-42.061,13.852
22.750,12.729,34.975
46.962,2.752,17.574
21.267,-54.863,39.213
19.864,-5.272,20.958
38.465,-15.187,1.216
9.069,-2.395,31.537
9.620,-102.975,-102.025
45.530,-29.371,-26.957
9.047,-28.149,-19.721
36.815,-36.779,-64.898
12.957,-81.423,-0.968
24.488,-28.057,-51.446
38.542,-42.564,-59.382
3.810,-13.994,10.302
15.170,-56.651,-50.526
35.398,-56.938,-65.580
34.441,-129.790,-142.799
22.948,-61.827,-104.321
11.118,-21.565,-13.565
2.671,-20.154,6.658
5.411,-9.124,8.606
6.877,0.721,44.757
23.751,-83.982,-12.174
23.905,-27.256,-32.228
4.590,-51.951,24.395
23.102,-101.452,-81.154
23.562,-87.937,-70.342
7.688,-32.378,-43.774
5.764,-30.826,20.653
9.977,-35.998,10.897
19.921,-75.574,7.130
18.168,-11.528,12.040
10.976,-13.642,6.750
15.660,-57.567,6.035
9.443,-62.469,23.673
14.709,-28.642,41.894
16.499,-87.559,-7.347
14.409,-92.385,-17.880
4.284,-4.360,12.125
12.206,-0.930,13.811
3.517,5.881,26.181
8.829,-74.223,13.476
8.115,-19.571,-3.743
3.886,-64.046,19.138
5.114,-17.096,5.964
2.575,-18.416,3.504
12.060,-26.475,-16.657
6.805,-33.973,-37.774
7.015,-43.534,-46.813
6.440,-40.480,-71.564
3.638,-20.183,-0.537
0.994,-16.666,10.960
4.869,-20.681,-1.415
4.383,-45.846,-13.616
2.617,-28.559,-14.964
4.409,-30.515,-16.184
6.364,-67.610,-33.847
9.906,-43.549,-58.816
4.113,-23.950,-8.391
4.542,-11.073,18.977
2.850,-8.409,30.808
3.989,-17.413,5.357
1.617,-26.178,-13.302
2.955,-28.821,-13.529
3.693,-34.815,-39.634
8.600,-46.997,-50.086
3.602,-30.934,-35.652
1.590,7.908,25.775
8.672,-27.505,-15.731
7.118,-39.669,-41.069
9.250,-53.388,-55.394
8.366,-54.370,-96.080
4.796,-52.265,-77.229
